,Person
0,"ઇન્ઝામામ-ઉલ-હક
"
1,"વકાર યૂનુસ
"
2,"ગાયત્રી જોશી
"
3,"ઝિયા-ઉલ-હક
"
4,"શીતલ શેઠ
"
5,"રાજેન્દ્ર ગઢવી
"
6,"કૃષ્ણ પ્રસાદ ભટ્ટરાય
"
7,"આન્દ્રે અગાસી
"
8,"સરિતા જોશી
"
9,"મોહસિન ખાન
"
10,"ચક્રવર્તી રાજગોપાલાચારી
"
11,"હિમેશ રેશમિયા
"
12,"સંજય દત્ત
"
13,"રવિ શાસ્ત્રી
"
14,"સોનુ નિગમ
"
15,"ગિરિજા પ્રસાદ કોઇરાલા
"
16,"કૃતિકા દેસાઈ
"
17,"નિલિમા શેખ
"
18,"આકાશ ગુજરાતી
"
19,"જ્યોતિ ભટ્ટ
"
20,"વિધુ વિનોદ ચોપરા
"
21,"સુનીલ દત્ત
"
22,"કોંકણા સેન-શર્મા
"
23,"દિવ્યાંક ત્રિપાઠી
"
24,"કૃષ્ણ પ્રસાદ ભટ્ટરાય
"
25,"સિંપલ કાપડિયા
"
26,"મોહમ્મદ અઝહરુદ્દીન
"
27,"પરેશ ગણાત્રા
"
28,"પુરુશોત્તમ દાસ ટંડન
"
29,"જયંતિ પટેલ
"
30,"પૂનમ જોશી
"
31,"આર. ડબલ્યૂ. એંડરસન
"
32,"મોહસિન ખાન
"
33,"જૉર્જ બુશ
"
34,"ફારૂક એન્જિનિયર
"
35,"કોંકણા સેન-શર્મા
"
36,"સર્વેશ્વર દયાલ સક્સેના
"
37,"નિહારી જોશી
"
38,"લાલૂ પ્રસાદ યાદવ
"
39,"મોહમ્મદ અલી જિન્નાહ
"
40,"દુર્ગેશ શુકલા
"
41,"ચન્દ્રશેખર
"
42,"રાજેન્દ્ર પ્રસદ
"
43,"મેઘનાદ દેસાઈ
"
44,"જગદીશ ભગવતી
"
45,"ભૂપેન ખખ્ખર
"
46,"વિવિયન રિચર્ડ્સ
"
47,"ફખરુદ્દિન અલી અહેમદ
"
48,"કમલેશ ઓઝા
"
49,"જશવંત ઠાકર
"
50,"ઉપેન પટેલ
"
51,"બલીરામ ભગત
"
52,"સરફરાઝ નવાઝ
"
53,"ખ્વાઝા મોઈનુદ્દિન ચિસ્તિ
"
54,"ઇન્ઝામામ-ઉલ-હક
"
55,"કોટા શ્રીનિવાસ રાવ કોઉન્ડમણી
"
56,"એમ.એફ. હુસેન
"
57,"મનુ પારેખ
"
58,"અઝિમ પ્રેમજી
"
59,"શેખર કપૂર
"
60,"હસમુખ બારાડી
"
61,"નિકિતા શાહ
"
62,"શ્રુતિ શેઠ
"
63,"અલ્લૂ રામલિંગૈયા
"
64,"વિધુ વિનોદ ચોપરા
"
65,"પિયા ત્રિવેદી
"
66,"રણધીર કપૂર
"
67,"ઝુબેદા
"
68,"ગેરી કર્સ્ટન
"
69,"ટીના પારેખ
"
70,"શરદ બાબૂ
"
71,"દેવ આનંદ
"
72,"જે. ડી. મજેઠિયા
"
73,"રમણલાલ મહેતા
"
74,"વિક્રમ સારાભાઈ
"
75,"પરમસુખ પંડ્યા
"
76,"સીતારામ યેચુરી
"
77,"સુનીલ દત્ત
"
78,"હોમી વાડિયા
"
79,"ફારૂખ શેખ
"
80,"બ્રાયન લારા
"
81,"ઇયાન ચેપલ
"
82,"જૅકી ચેન
"
83,"નિખિલ ચોપરા
"
84,"રમેશ રાઘવ
"
85,"આશા પારેખ
"
86,"અખો
"
87,"જૉર્જ ફર્નાંડિસ
"
88,"પૂનમ જોશી
"
89,"ગિરિજા પ્રસાદ કોઇરાલા
"
90,"નીલેશ નાડકર્ણી
"
91,"ચન્દ્રુ પૉલ
"
92,"પરીતા પારેખ
"
93,"દેવ આનંદ
"
94,"જ્યોતિ ભટ્ટ
"
95,"અખો
"
96,"રાની મુખર્જી
"
97,"રાની મુખર્જી
"
98,"બ્રિજેશ પટેલ
"
99,"ઈશુ પટેલ
"
100,"રમેશ રાઘવ
"
101,"રણજીતરામ મહેતા
"
102,"ચાર્લી ચેપ્લિન
"
103,"અમર ઉપાધ્યાય
"
104,"કરસનભાઈ પટેલ
"
105,"અંશુમન ગાયકવાડ
"
106,"મોરારજી દેસાઈ
"
107,"રિચર્ડ હેડલી
"
108,"અખો
"
109,"ફિરોઝ ભગત
"
110,"પ્રાણજીવન પાઠક
"
111,"રોહન ગાવસ્કર
"
112,"કમલ હસન
"
113,"સ્વામી દયાનંદ
"
114,"રોહન ગાવસ્કર
"
115,"જવાહરલાલ નેહરુ
"
116,"બલ્વિન્દર સંધૂ
"
117,"મોરારજી દેસાઈ
"
118,"જયા બચ્ચન
"
119,"લાલ કૃષ્ણ અડવાણી
"
120,"અંબાલાલ સારાભાઈ
"
121,"જિમી મિસ્ત્રી
"
122,"પાયલ રહતોગિ
"
123,"નગેશ્વર નારાયણ રાવ
"
124,"ઝિયા-ઉલ-હક
"
125,"બાલિ બ્રહ્મભટ્ટ
"
126,"સ્વામી દયાનંદ
"
127,"હરિ પુંજા
"
128,"બલીરામ ભગત
"
129,"દેવાંગ પટેલ
"
130,"ગણેશ વાસુદેવ માવલંકર
"
131,"ફિરોઝ ભગત
"
132,"તુલસી તંતી
"
133,"કાલુવિથર્ના
"
134,"કાલુવિથર્ના
"
135,"બાલિ બ્રહ્મભટ્ટ
"
136,"નર્મદ
"
137,"મનોજ કુમાર
"
138,"આશા પારેખ
"
139,"આઈ પી ગૌતમ
"
140,"હરભજન સિંઘ
"
141,"નરેન્દ્ર હિરવાણી
"
142,"નલિની મહેતા
"
143,"અનુપમ ખેર
"
144,"ગિરિજા પ્રસાદ કોઇરાલા
"
145,"શ્રીકાંત
"
146,"નરેન્દ્ર મોદી
"
147,"વીર સંઘવી
"
148,"પી. ખસરાણી
"
149,"મનોજ કુમાર
"
150,"નિહારી જોશી
"
151,"હરિલાલ ઉપાધ્યાય
"
152,"હેમુ અધિકારી
"
153,"વેંકટેશ પ્રસાદ
"
154,"પ્રિયંકા વધેરા
"
155,"સરફરાઝ નવાઝ
"
156,"બિશન સિંઘ બેદી
"
157,"સક્લેન મુશ્તાક
"
158,"ગેરી કર્સ્ટન
"
159,"રમણલાલ મહેતા
"
160,"પૂર્વી જોશી
"
161,"ચાર્લી ચેપ્લિન
"
162,"શંકર દયાલ શર્મા
"
163,"ધનંજય ઠાકર
"
164,"રામસ્વામી ઐયર વેંકટરમણ
"
165,"કાશ્મિરા શાહ
"
166,"મોહસિન ખાન
"
167,"બિંદુ દેસાઈ
"
168,"વસીમ અક્રમ
"
169,"મહેશ ભટ્ટ
"
170,"વિષ્ણુ વર્ધન
"
171,"રામસ્વામી ઐયર વેંકટરમણ
"
172,"કસ્તુરભાઈ લાલભાઈ
"
173,"અટલ બિહારી વાજપેયી
"
174,"ઇન્દુલાલ ગાંધી
"
175,"ગુલ્શન ગ્રોવર
"
176,"ભૂપેન ખખ્ખર
"
177,"શમશેર જંગ બહાદુર રાણા
"
178,"વિજયા મહેતા
"
179,"પાયલ રહતોગિ
"
180,"અપરા મહેતા
"
181,"કરસનભાઈ પટેલ
"
182,"વિનોદ રાઠોડ
"
183,"ફિરોઝ ઇરાની
"
184,"અતુલ ડોડિયા
"
185,"ઇસ્માઈલ દરબાર
"
186,"ગૌતમ અડાણી
"
187,"મુરલી મનોહર જોશી
"
188,"કમલેશ ઓઝા
"
189,"પુરુશોત્તમ દાસ ટંડન
"
190,"દીપિકા પાદુકોણ
"
191,"નિલિમા શેખ
"
192,"જાવેદ જાફ્રી
"
193,"રવિ શાસ્ત્રી
"
194,"સૂર્ય બહાદુર થાપા
"
195,"અભિનવ બિન્દ્રા
"
196,"ચૌધરી સુજાત હુસૈન
"
197,"ઇમરાન ખાન
"
198,"અરુણ ગોહિલ
"
199,"વસુંધરા રાજે સિંધિયા
"
200,"રમીઝ રાજા
"
201,"જૅકી શ્રૉફ
"
202,"હસમુખ બારાડી
"
203,"મુકેશ અંબાણી
"
204,"આલેક મહેતા
"
205,"મનોજ કુમાર
"
206,"દીના પાઠક
"
207,"પન્નાલાલ પટેલ
"
208,"ઇન્દુલાલ ગાંધી
"
209,"ગ્યાની ઝૈલ સિંઘ
"
210,"સિદ્ધાર્થ રાંદેરિયા
"
211,"એન.ટી. રામારાવ
"
212,"ફખરુદ્દિન અલી અહેમદ
"
213,"દિવાળીબેન ભીલ
"
214,"અબ્દુલ કાદિર
"
215,"પી. ખસરાણી
"
216,"બ્રૂસ લી
"
217,"વેંકૈયા નાયડૂ
"
218,"કરણ બિલિમોરીયા
"
219,"વેંકટેશ પ્રસાદ
"
220,"મેઘનાદ દેસાઈ
"
221,"ઉદય કોટક
"
222,"સુર્જીત સિંઘ બરનાલા
"
223,"ધ્રૂવ મિસ્ત્રી
"
224,"મહેશ ભટ્ટ
"
225,"મિથુન ચક્રવર્તી
"
226,"વેંકટેશ પ્રસાદ
"
227,"મહાદેવ દેસાઈ
"
228,"રામ ગોપાલ વર્મા
"
229,"આશિષ આનંદ કપૂર
"
230,"સુનીતા વિલિયમ્સ
"
231,"નિહારી જોશી
"
232,"મુકેશ અંબાણી
"
233,"દાનિશ કનેરિયા
"
234,"નરેન્દ્ર મોદી
"
235,"ગોવર્ધન પંચાલ
"
236,"વીર સંઘવી
"
237,"અનંગ દેસાઇ
"
238,"કેતકી દવે
"
239,"ચંકી પાન્ડે
"
240,"દેવ આનંદ
"
241,"એન્ડી ફ્લાવર
"
242,"અનિલ કુમ્બલે
"
243,"સમીર ખખ્ખર
"
244,"ટીના મુનિમ
"
245,"વિઠ્ઠલભાઈ પટેલ
"
246,"મૌલી દવે
"
247,"સંજય દત્ત
"
248,"સનથ જયસૂર્યા
"
249,"ઇન્દર કુમાર ગુજરાલ
"
250,"આકાશ ગુજરાતી
"
251,"લતેશ શાહ
"
252,"ઉર્મિલા ભટ્ટ
"
253,"પાર્થિવ પટેલ
"
254,"હરભજન સિંઘ
"
255,"બસપ્પા ડનપ્પા જત્તી
"
256,"અમર ગુપ્તા
"
257,"અમીશા પટેલ
"
258,"જૉર્જ ફર્નાંડિસ
"
259,"ઉદય કોટક
"
260,"રામ ગોપાલ વર્મા
"
261,"આઘા મોહમ્મદ યાહ્યા ખાન
"
262,"રાજદીપ સરદેસાઈ
"
263,"લીઓનાર્ડો ડી કેપ્રિયો
"
264,"અશોક કુમાર મલ્હોત્રા
"
265,"પ્રિયા બદલાની
"
266,"ગૌતમ અડાણી
"
267,"એલન ડોનાલ્ડ
"
268,"મનમોહન દેસાઈ
"
269,"મોહનદાસ કરમચંદ ગાંધી
"
270,"ફિરોઝ ઇરાની
"
271,"મહેશ ભૂપતી
"
272,"હરભજન સિંઘ
"
273,"એ. એલ. કાલીચરણ
"
274,"અર્વિંદ ત્રિવેદી
"
275,"સચિન તેંડુલકર
"
276,"મનમોહન સિંઘ
"
277,"રણધીર કપૂર
"
278,"સિદ્દાવનાલી નિજાલિંગપ્પા
"
279,"કે. શ્રીકાન્ત
"
280,"જ્યોતિ ભટ્ટ
"
281,"બેન કિંગ્સલી
"
282,"પ્રેમાનંદ
"
283,"ટીનુ આનંદ
"
284,"જિતેન્દ્ર
"
285,"સંજય દત્ત
"
286,"વિષ્ણુ સખારામ ખાન્ડેકર
"
287,"રિચર્ડ હેડલી
"
288,"જૅક કોલિસ
"
289,"આઘા મોહમ્મદ યાહ્યા ખાન
"
290,"દીપિકા ચિખલિયા
"
291,"હજારી પ્રસાદ દ્વિવેદી
"
292,"માર્ગરેટ થેચર
"
293,"વિધુ વિનોદ ચોપરા
"
294,"ચુનીલાલ આશારામ ભાવસાર
"
295,"ઇમરાન ખાન
"
296,"વસુંધરા રાજે સિંધિયા
"
297,"અરુણા ઇરાની
"
298,"સાનિયા મિર્ઝા
"
299,"આલ્બર્ટ ગિલક્રિસ્ટ
"
300,"સક્લેન મુશ્તાક
"
301,"એ.પી.જે. અબ્દુલ કલામ
"
302,"મોહિંદર અમરનાથ
"
303,"સતીશ શાહ
"
304,"સિદ્દાવનાલી નિજાલિંગપ્પા
"
305,"કુમાર ગૌરવ
"
306,"હોમી વાડિયા
"
307,"ચંકી પાન્ડે
"
308,"ચુનીલાલ મડિયા
"
309,"મૌલી દવે
"
310,"પંડિત શિવ કુમાર શર્મા
"
311,"હોમી ભાભા
"
312,"કરિશ્મા કપૂર
"
313,"પરવેઝ મુશર્રફ
"
314,"શેખ મુજીબુર રહેમાન
"
315,"નગેશ્વર નારાયણ રાવ
"
316,"કૈલાશ પંડ્યા
"
317,"મુકેશ ભટ્ટ
"
318,"રાજેશ ખન્ના
"
319,"હ્રિશીતા ભટ્ટ
"
320,"અઝિમ પ્રેમજી
"
321,"સુનીલ ગાવસ્કર
"
322,"સૂર્ય બહાદુર થાપા
"
323,"ચમિંડા વાસ
"
324,"સુજાતા મહેતા
"
325,"સુહાસી ગોરડિયા
"
326,"રોનાલ્ડ રેગન
"
327,"ઉદય કોટક
"
328,"દુર્ગેશ શુકલા
"
329,"ગ્રાહમ ગૂચ
"
330,"વેંકટપતિ રાજૂ
"
331,"ગ્રાહમ ગૂચ
"
332,"કરિશ્મા કપૂર
"
333,"આર. ડબલ્યૂ. એંડરસન
"
334,"ઈશા શરવાની
"
335,"સંજય દત્ત
"
336,"દીપિકા ચિખલિયા
"
337,"ગ્યાનેન્દ્રબીર બિક્રમ સિંઘ
"
338,"ફિરોઝ ઇરાની
"
339,"વરાહગિરી વેંકટગિરી
"
340,"નગેશ્વર નારાયણ રાવ
"
341,"રણવીર કપૂર
"
342,"પરવીન બાબી
"
343,"એડમ પરોરે
"
344,"આરુશી અગ્રવાલ
"
345,"મનોજ કુમાર
"
346,"ફાલ્ગુની પાઠક
"
347,"ટીનુ આનંદ
"
348,"મોહમ્મદ અલી જિન્નાહ
"
349,"પ્રભુ દેવા
"
350,"કાદર ખાન
"
351,"અભિષેક બચ્ચન
"
352,"ટ્યુલિપ જોશી
"
353,"મનોહર જોશી
"
354,"સદગોપન રમેશ
"
355,"આનંદજી વીરજી
"
356,"યૂસુફ યોહાના
"
357,"કપિલ દેવ
"
358,"પ્રેમાનંદ
"
359,"કાકાસાહેબ કાલેલકર
"
360,"કે. શ્રીકાન્ત
"
361,"કવિ કલાપિ
"
362,"જૅકી શ્રૉફ
"
363,"જયંતિ પટેલ
"
364,"જય વસાવડા
"
365,"માઇકલ આથર્ટન
"
366,"આમિર સોહેલ ખાન
"
367,"તુલસી ગિરિ
"
368,"જે. ડી. મજેઠિયા
"
369,"વેંકટપતિ રાજૂ
"
370,"શત્રુઘ્ન સિંહા
"
371,"રોનાલ્ડ રેગન
"
372,"આર. ડબલ્યૂ. એંડરસન
"
373,"અપરા મહેતા
"
374,"રમેશ રાઘવ
"
375,"દેવ આનંદ
"
376,"કે. શ્રીકાન્ત
"
377,"સઆદત અલી મન્ટો
"
378,"અરુણ ગોહિલ
"
379,"લાલ બહાદુર શાસ્ત્રી
"
380,"ફિરોઝ ઇરાની
"
381,"રવિશંકર રાવળ
"
382,"અખો
"
383,"અમર ઉપાધ્યાય
"
384,"વી.વી. એસ. લક્ષ્મણ
"
385,"ચન્દ્રુ પૉલ
"
386,"સત્યમ પટેલ
"
387,"કૃષ્ણકાન્ત અવસ્થી
"
388,"કોંકણા સેન-શર્મા
"
389,"નિયતી જોશી
"
390,"રવિ શાસ્ત્રી
"
391,"મનુભાઈ પંચોલી
"
392,"મંસૂર અખ્તર
"
393,"મોહસિન ખાન
"
394,"કલ્યાણજી વીરજી શાહ
"
395,"વિવિયન રિચર્ડ્સ
"
396,"કેતકી દવે
"
397,"બિંદુ દેસાઈ
"
398,"નલિનિકાંત નવીન
"
399,"પ્રતિભા પાટિલ
"
400,"કોટા શ્રીનિવાસ રાવ કોઉન્ડમણી
"
401,"લીઓનાર્ડો ડી કેપ્રિયો
"
402,"સુચિતા ત્રિવેદી
"
403,"સર્વપલ્લી રાધાકૃષ્ણન
"
404,"ચક્રવર્તી રાજગોપાલાચારી
"
405,"બેન કિંગ્સલી
"
406,"આન્દ્રે અગાસી
"
407,"આન્દ્રે અગાસી
"
408,"અશ્મિત પટેલ
"
409,"કૈલાશ પંડ્યા
"
410,"અશ્મિત પટેલ
"
411,"માર્કન્ડ ભટ્ટ
"
412,"કવિ કલાપિ
"
413,"અલ્લૂ રામલિંગૈયા
"
414,"મુકેશ અંબાણી
"
415,"બલરામ જાખડ
"
416,"સુચિતા ત્રિવેદી
"
417,"લાલ બહાદુર શાસ્ત્રી
"
418,"ફિરોઝ નડિયાદવાલા
"
419,"હેમુ અધિકારી
"
420,"ફિરોઝ ઇરાની
"
421,"ચિરંજીવી
"
422,"હસમુખ બારાડી
"
423,"દાનિશ કનેરિયા
"
424,"વિધુ વિનોદ ચોપરા
"
425,"મનીષા કનોજિયા
"
426,"આર. ડબલ્યૂ. એંડરસન
"
427,"મુશ્તાક અહેમદ
"
428,"દિલિપ કુમાર
"
429,"બ્રિન્દા પારેખ
"
430,"વિષ્ણુ વર્ધન
"
431,"મરવન અટ્ટાપટ્ટૂ
"
432,"સચ્ચિદાનંદ હીરાનંદ વાત્સ્યાયન
"
433,"રણવીર કપૂર
"
434,"દીપિકા ચિખલિયા
"
435,"પ્રિયા બદલાની
"
436,"ધનસુખલાલ મહેતા
"
437,"મોહસિન ખાન
"
438,"વિવિયન રિચર્ડ્સ
"
439,"ઉપેન પટેલ
"
440,"અઝિમ પ્રેમજી
"
441,"સત્યમ પટેલ
"
442,"મોહમ્મદ અલી જિન્નાહ
"
443,"નલિનિકાંત નવીન
"
444,"રઘુવીર ચૌધરી
"
445,"બટુભાઈ ઉમરવાડિયા
"
446,"વી.વી. એસ. લક્ષ્મણ
"
447,"ઇમરાન હાશ્મી
"
448,"રજનીકાન્ત
"
449,"નરેન્દ્ર મોદી
"
450,"હેન્સી ક્રોનિયે
"
451,"ગ્રાહમ ગૂચ
"
452,"રાજેન્દ્ર પ્રસદ
"
453,"શાહરુખ ખાન
"
454,"પાર્થિવ પટેલ
"
455,"ટીના મુનિમ
"
456,"ટોની બ્લેર
"
457,"ખાલિદ મસૂદ
"
458,"શીતલ શેઠ
"
459,"પ્રાચી શાહ
"
460,"જમશેદજી ટાટા
"
461,"સુમિત્રા નન્દન પન્ત
"
462,"શેખ મુજીબુર રહેમાન
"
463,"કિરણ મોરે
"
464,"સામ પિત્રોડા
"
465,"જયશંકર સુંદરી
"
466,"શરદ બાબૂ
"
467,"સંજીદા શેખ
"
468,"નિકિતા શાહ
"
469,"જાવેદ જાફ્રી
"
470,"કસ્તુરબા ગાંધી
"
471,"ઋશિ કપૂર
"
472,"હેમુ અધિકારી
"
473,"હરભજન સિંઘ
"
474,"બોમન ઇરાની
"
475,"જંતી મોહન ચન્દ્ર બાલયોગી
"
476,"રૉબિન સિંઘ
"
477,"યેસુદાસ
"
478,"ખાલિદ મસૂદ
"
479,"વકાર યૂનુસ
"
480,"નલિનિકાંત નવીન
"
481,"કરસનભાઈ પટેલ
"
482,"યશ્વિ પટેલ
"
483,"મેઘનાદ દેસાઈ
"
484,"સાહિબઝાદા ફારુખ અલી
"
485,"બલરામ જાખડ
"
486,"સુમિત્રા નન્દન પન્ત
"
487,"પન્નાલાલ પટેલ
"
488,"નાઝનીન પટેલ
"
489,"યેસુદાસ
"
490,"કરસનભાઈ પટેલ
"
491,"સરદાર હુકમ સિંઘ
"
492,"નિકિતા શાહ
"
493,"લીઓનાર્ડો ડી કેપ્રિયો
"
494,"ગુણવંતરાય આચાર્ય
"
495,"આશા પારેખ
"
496,"કાશ્મિરા શાહ
"
497,"કાશ્મિરા શાહ
"
498,"માર્ક બાઉચર
"
499,"અઝિમ પ્રેમજી
"
500,"ફિરોઝ ભગત
"
501,"બ્રૂસ લી
"
502,"રાહુલ ગાંધી
"
503,"જગમોહન દાલમિયા
"
504,"અરુણ ગોહિલ
"
505,"ઇમરાન હાશ્મી
"
506,"ઉમાશંકર જોશી
"
507,"માનવ ગોહિલ
"
508,"સરદાર વલ્લભભાઈ પટેલ
"
509,"નરી કોન્ટ્રેક્ટર
"
510,"મલૈકા અરોરા
"
511,"દીપક ઘીવાલા
"
512,"ઝિયા-ઉલ-હક
"
513,"મુરલી મનોહર જોશી
"
514,"રતન ટાટા
"
515,"આન્દ્રે અગાસી
"
516,"આસિફ મસૂદ કરીમ
"
517,"ઇમરાન હાશ્મી
"
518,"ઇન્દિરા ગાંધી
"
519,"જૉન્ટી રોડ્સ
"
520,"નમીતા વનકાવાલા
"
521,"લાભશંકર ઠાકર
"
522,"મોહમ્મદ અઝહરુદ્દીન
"
523,"ઇન્દર કુમાર ગુજરાલ
"
524,"ગુણવંતરાય આચાર્ય
"
525,"ગિરિશ કર્નાડ
"
526,"નરી કોન્ટ્રેક્ટર
"
527,"ગિરિજા પ્રસાદ કોઇરાલા
"
528,"ઉદય કોટક
"
529,"જસુ પટેલ
"
530,"ટીના પારેખ
"
531,"સુનીલ દત્ત
"
532,"લાલ કૃષ્ણ અડવાણી
"
533,"અક્રમ ખાન
"
534,"મલ્લિકા શેરાવત
"
535,"સૈફ અલી ખાન
"
536,"ઇસ્માઈલ દરબાર
"
537,"ડિમ્પલ કાપડિયા
"
538,"જયંતિ પટેલ
"
539,"સુમિત્રા નન્દન પન્ત
"
540,"મનુ પારેખ
"
541,"હર્શેલ ગિબ્સ
"
542,"દીપિકા પાદુકોણ
"
543,"ફારૂક એન્જિનિયર
"
544,"અટલ બિહારી વાજપેયી
"
545,"હસમુખભાઈ પારેખ
"
546,"સરિતા જોશી
"
547,"ફારૂખ શેખ
"
548,"એન્ડી ફ્લાવર
"
549,"પુરુશોત્તમ દાસ ટંડન
"
550,"પ્રેમાનંદ
"
551,"સત્યજીત રે
"
552,"મોહિંદર અમરનાથ
"
553,"બ્રાયન લારા
"
554,"રાહુલ દ્રવિડ
"
555,"પ્રભુ દેવા
"
556,"ચક્રવર્તી રાજગોપાલાચારી
"
557,"બટુભાઈ ઉમરવાડિયા
"
558,"સુચિતા ત્રિવેદી
"
559,"એલન ડોનાલ્ડ
"
560,"શત્રુઘ્ન સિંહા
"
561,"લાભશંકર ઠાકર
"
562,"સાયલી ભગત
"
563,"નિખિલ ચોપરા
"
564,"મનમોહન સિંઘ
"
565,"બોમન ઇરાની
"
566,"યુસુફ પઠાણ
"
567,"નમીતા વનકાવાલા
"
568,"માર્ક બાઉચર
"
569,"અમરીશ પુરી
"
570,"વેંકૈયા નાયડૂ
"
571,"અશ્મિત પટેલ
"
572,"સુમિત્રા નન્દન પન્ત
"
573,"શેખર રવજિઆની
"
574,"અર્વિંદ ત્રિવેદી
"
575,"સર્વપલ્લી રાધાકૃષ્ણન
"
576,"અર્જુન સિંઘ
"
577,"ડિમ્પલ કાપડિયા
"
578,"દુર્ગેશ શુકલા
"
579,"લીઓનાર્ડો ડી કેપ્રિયો
"
580,"સુમિત્રા નન્દન પન્ત
"
581,"જાવેદ જાફ્રી
"
582,"પ્રિયા બદલાની
"
583,"મનમોહન સિંઘ
"
584,"નયન મોંગિયા
"
585,"રુચા ગુજરાતી
"
586,"રોહન ગાવસ્કર
"
587,"ચિનુ મોદી
"
588,"ઇન્દુલાલ ગાંધી
"
589,"રત્ના પાઠક
"
590,"ચંકી પાન્ડે
"
591,"નિહારી જોશી
"
592,"બલ્વિન્દર સંધૂ
"
593,"ઋશિ કપૂર
"
594,"વરાહગિરી વેંકટગિરી
"
595,"પ્રેમ ચોપ્રા
"
596,"વિનોદ ગણપત કામ્બલી
"
597,"લાલ બહાદુર શાસ્ત્રી
"
598,"બ્રિન્દા પારેખ
"
599,"સત્યજીત રે
"
600,"વસીમ અક્રમ
"
601,"એલન ડોનાલ્ડ
"
602,"ક્રિષ્ણલાલ શ્રીધરાણી
"
603,"સ્ટીવ વૉગ
"
604,"આર. ડબલ્યૂ. એંડરસન
"
605,"દેવકાંત બરુઆ
"
606,"સોનિયા ગાંધી
"
607,"પરવેઝ મુશર્રફ
"
608,"અનંગ દેસાઇ
"
609,"બ્રિજેશ પટેલ
"
610,"મનહર ઊધાસ
"
611,"સદગોપન રમેશ
"
612,"કોંકણા સેન-શર્મા
"
613,"અનંગ દેસાઇ
"
614,"જ્યોતિ વૈદ્ય
"
615,"રત્ના પાઠક
"
616,"અર્જુન સિંઘ
"
617,"બ્રિન્દા પારેખ
"
618,"લાલ બહાદુર શાસ્ત્રી
"
619,"જયંતિ પટેલ
"
620,"નર્મદ
"
621,"સત્યજીત રે
"
622,"અભિનવ બિન્દ્રા
"
623,"વરાહગિરી વેંકટગિરી
"
624,"ગીત શેઠી
"
625,"શંકર દયાલ શર્મા
"
626,"બ્રિજેશ પટેલ
"
627,"લીઓનાર્ડો ડી કેપ્રિયો
"
628,"પરમસુખ નાયક
"
629,"ચમિંડા વાસ
"
630,"મુરલી મનોહર જોશી
"
631,"શમશેર જંગ બહાદુર રાણા
"
632,"શાહરુખ ખાન
"
633,"વેંકટપતિ રાજૂ
"
634,"મહાદેવ દેસાઈ
"
635,"જૅક કોલિસ
"
636,"સ્વરૂપ સંપત
"
637,"રણધીર કપૂર
"
638,"ચૌધરી સુજાત હુસૈન
"
639,"ચરણ સિંઘ
"
640,"જૉની વોકર
"
641,"મુથૈયા મુરલીધરન
"
642,"અર્જુન સિંઘ
"
643,"પ્રસૂન જોશી
"
644,"યશવંત પંડ્યા
"
645,"આશા પારેખ
"
646,"ઇમરાન ખાન
"
647,"એ.પી.જે. અબ્દુલ કલામ
"
648,"સાહિબઝાદા ફારુખ અલી
"
649,"હસન રઝા
"
650,"મુથૈયા મુરલીધરન
"
651,"નરી કોન્ટ્રેક્ટર
"
652,"મનહર ઊધાસ
"
653,"ચક્રવર્તી રાજગોપાલાચારી
"
654,"મુશ્તાક અહેમદ
"
655,"મુથૈયા મુરલીધરન
"
656,"ફિરોઝ નડિયાદવાલા
"
657,"દિલિપ કુમાર
"
658,"અર્વિંદ ત્રિવેદી
"
659,"શમશેર જંગ બહાદુર રાણા
"
660,"ગિરિજા પ્રસાદ કોઇરાલા
"
661,"પ્રાચી શાહ
"
662,"વસીમ અક્રમ
"
663,"કિશોર કુમાર
"
664,"અમીશા પટેલ
"
665,"કિશોર કુમાર
"
666,"પરીતા પારેખ
"
667,"મુનાફ પટેલ
"
668,"પ્રેમ ચોપ્રા
"
669,"આલ્બર્ટ ગિલક્રિસ્ટ
"
670,"સામ પિત્રોડા
"
671,"શિવરાજ પાટિલ
"
672,"દિવાળીબેન ભીલ
"
673,"વરાહગિરી વેંકટગિરી
"
674,"ઇલયારાજા
"
675,"ચમિંડા વાસ
"
676,"શ્રુતિ શેઠ
"
677,"ઐશ્વર્યા રાય
"
678,"મોહનદાસ કરમચંદ ગાંધી
"
679,"મુનાફ પટેલ
"
680,"રાજીવ ગાંધી
"
681,"બટુભાઈ ઉમરવાડિયા
"
682,"રમીઝ રાજા
"
683,"આશિષ આનંદ કપૂર
"
684,"આઈ પી ગૌતમ
"
685,"રાહુલ દ્રવિડ
"
686,"કોટા શ્રીનિવાસ રાવ કોઉન્ડમણી
"
687,"નરી કોન્ટ્રેક્ટર
"
688,"રણજીતરામ મહેતા
"
689,"અભિષેક બચ્ચન
"
690,"નવજોત સિંઘ સિદ્ધૂ
"
691,"માનવ ગોહિલ
"
692,"રાજદીપ સરદેસાઈ
"
693,"નાઝનીન પટેલ
"
694,"કનૈયાલાલ મુન્શી
"
695,"ગુલામ ઇશાક ખાન
"
696,"શ્યામજી ક્રિષ્ણ વર્મા
"
697,"રસિકલાલ પરીખ
"
698,"ઝુલ્ફિકાર અલી ભુટ્ટો
"
699,"સુભાષચંદ્ર બોસ
"
700,"આરુશી અગ્રવાલ
"
701,"અનિલ કુમ્બલે
"
702,"સ્ટીફન ફ્લૅમિંગ
"
703,"પ્રતિભા પાટિલ
"
704,"મૌલી દવે
"
705,"ઝહીર અબ્બાસ
"
706,"જયશંકર સુંદરી
"
707,"શંકર દયાલ શર્મા
"
708,"હસમુખભાઈ પારેખ
"
709,"યૂસુફ યોહાના
"
710,"કૃષ્ણ પ્રસાદ ભટ્ટરાય
"
711,"અર્જુન સિંઘ
"
712,"મુરલી મનોહર જોશી
"
713,"યેસુદાસ
"
714,"હસમુખભાઈ પારેખ
"
715,"શીતલ શેઠ
"
716,"આશિષ આનંદ કપૂર
"
717,"કેતકી દવે
"
718,"બૉબી દેઓલ
"
719,"રાજદીપ સરદેસાઈ
"
720,"શ્રીકાંત
"
721,"અશ્મિત પટેલ
"
722,"લાલ કૃષ્ણ અડવાણી
"
723,"સ્ટીવ વૉગ
"
724,"અમર ગુપ્તા
"
725,"શરદ બાબૂ
"
726,"ઉર્મિલા ભટ્ટ
"
727,"હર્શેલ ગિબ્સ
"
728,"મહેશ ભૂપતી
"
729,"આશિષ આનંદ કપૂર
"
730,"બોમન ઇરાની
"
731,"મહાદેવ દેસાઈ
"
732,"નરેન્દ્ર હિરવાણી
"
733,"દીપક ઘીવાલા
"
734,"માર્કન્ડ ભટ્ટ
"
735,"ગણેશ વાસુદેવ માવલંકર
"
736,"રણધીર કપૂર
"
737,"વકાર યૂનુસ
"
738,"નિયતી જોશી
"
739,"ચેતન શર્મા
"
740,"મનુ પારેખ
"
741,"આસિફ મસૂદ કરીમ
"
742,"સત્યજીત રે
"
743,"રોમા માણેક
"
744,"મુકેશ ભટ્ટ
"
745,"રુચા ગુજરાતી
"
746,"શમશેર જંગ બહાદુર રાણા
"
747,"ફિરોઝ નડિયાદવાલા
"
748,"જયંતિ દલાલ
"
749,"ઇન્દિરા ગાંધી
"
750,"ઇમરાન હાશ્મી
"
751,"અર્વિંદ ત્રિવેદી
"
752,"નિખિલ ચોપરા
"
753,"હેમચંદ્ર
"
754,"ઝાકિર હુસૈન
"
755,"મંસૂર અખ્તર
"
756,"મનમોહન દેસાઈ
"
757,"સિરાજ બહુતુલે
"
758,"વરાહગિરી વેંકટગિરી
"
759,"સઆદત અલી મન્ટો
"
760,"લાલ બહાદુર શાસ્ત્રી
"
761,"ફિરોઝ ભગત
"
762,"દેવ આનંદ
"
763,"ગેરી કર્સ્ટન
"
764,"સુનીલ ગાવસ્કર
"
765,"પરેશ ગણાત્રા
"
766,"હેન્સી ક્રોનિયે
"
767,"કે. શ્રીકાન્ત
"
768,"બ્રૂસ લી
"
769,"ઇસ્માઈલ દરબાર
"
770,"ફાલ્ગુની પાઠક
"
771,"ટોની બ્લેર
"
772,"ઇરફાન પઠાણ
"
773,"રાજેન્દ્ર ગઢવી
"
774,"ક્રિષ્ણા ગોકાણી
"
775,"લાલૂ પ્રસાદ યાદવ
"
776,"ચરણ સિંઘ
"
777,"ચરણ સિંઘ
"
778,"પ્રાચી દેસાઈ
"
779,"ઇમરાન હાશ્મી
"
780,"અખો
"
781,"કસ્તુરબા ગાંધી
"
782,"સૈફ અલી ખાન
"
783,"આલ્બર્ટ અલગોર
"
784,"આલ્બર્ટ અલગોર
"
785,"લાલ બહાદુર શાસ્ત્રી
"
786,"અટલ બિહારી વાજપેયી
"
787,"દીપક ઘીવાલા
"
788,"નયન મોંગિયા
"
789,"મનમોહન સિંઘ
"
790,"નરસિંહ મહેતા
"
791,"યશ્વિ પટેલ
"
792,"સાનિયા મિર્ઝા
"
793,"ધર્મેન્દ્ર
"
794,"સિરાજ બહુતુલે
"
795,"પરેશ રાવલ
"
796,"સતીશ શાહ
"
797,"સંજીવ કુમાર
"
798,"મૌલી દવે
"
799,"એ. આર. રેહમાન
"
800,"ઇન્દર કુમાર ગુજરાલ
"
801,"ઇમરાન હાશ્મી
"
802,"ઇસ્માઈલ દરબાર
"
803,"રામ ગોપાલ વર્મા
"
804,"સુપ્રિયા પાઠક
"
805,"લીઓનાર્ડો ડી કેપ્રિયો
"
806,"દિવાળીબેન ભીલ
"
807,"પ્રેમ ચોપ્રા
"
808,"અજીત આગરકર
"
809,"કૈલાશ પંડ્યા
"
810,"કરિશ્મા કપૂર
"
811,"લતા મંગેશકર
"
812,"હસમુખ બારાડી
"
813,"શરમન જોશી
"
814,"કરસનભાઈ પટેલ
"
815,"અલકા યાગ્નિક
"
816,"ઉર્મિલા ભટ્ટ
"
817,"મોરારજી દેસાઈ
"
818,"જાવેદ જાફ્રી
"
819,"હેમચંદ્ર
"
820,"મનોજ કુમાર
"
821,"એ. એલ. કાલીચરણ
"
822,"કાકાસાહેબ કાલેલકર
"
823,"કનૈયાલાલ મુન્શી
"
824,"વેંકૈયા નાયડૂ
"
825,"પ્રભુ દેવા
"
826,"શિવકુમાર જોશી
"
827,"સ્ટીવ વૉગ
"
828,"લીઓનાર્ડો ડી કેપ્રિયો
"
829,"રઘુવીર ચૌધરી
"
830,"નલિનિકાંત નવીન
"
831,"દિવાળીબેન ભીલ
"
832,"ફખરુદ્દિન અલી અહેમદ
"
833,"નરેન્દ્ર હિરવાણી
"
834,"ક્રિષ્ણલાલ શ્રીધરાણી
"
835,"દલપતરામ
"
836,"કે. શ્રીકાન્ત
"
837,"જિમી નંદા
"
838,"પરીતા પારેખ
"
839,"અરુણા ઇરાની
"
840,"એમ.જી. રામચંદ્રન
"
841,"નીલેશ નાડકર્ણી
"
842,"રમેશ રાઘવ
"
843,"અમર્ત્ય કુમાર સેન
"
844,"કાર્લ હુપર
"
845,"મુરલી મનોહર જોશી
"
846,"નલિનિકાંત નવીન
"
847,"એન.ટી. રામારાવ
"
848,"દીપિકા ચિખલિયા
"
849,"મહેશ ભૂપતી
"
850,"અનસુયા સુતરિયા
"
851,"શંકર દયાલ શર્મા
"
852,"નવાઝ શરીફ
"
853,"હોમી ભાભા
"
854,"રવિ શાસ્ત્રી
"
855,"અમિતાભ બચ્ચન
"
856,"ક્લાઇવ લૉઈડ
"
857,"રમણલાલ મહેતા
"
858,"મમૂતી
"
859,"અબ્બાસ તૈયબજી
"
860,"અલ્લૂ રામલિંગૈયા
"
861,"કે. શ્રીકાન્ત
"
862,"પરેશ રાવલ
"
863,"રિકી પોન્ટિંગ
"
864,"ગ્રાહમ ગૂચ
"
865,"અબ્દુલ કરીમ તેલગી
"
866,"ગુલ્શન ગ્રોવર
"
867,"તુલસી ગિરિ
"
868,"ચાર્લી ચેપ્લિન
"
869,"ફારૂખ શેખ
"
870,"ઇલયારાજા
"
871,"આરુશી અગ્રવાલ
"
872,"રોહન ગાવસ્કર
"
873,"કલ્પેન મોદી
"
874,"અંશુમન ગાયકવાડ
"
875,"જિમી નંદા
"
876,"મનુભાઈ પંચોલી
"
877,"નરેન્દ્ર હિરવાણી
"
878,"નિમિશા વોખરિયા
"
879,"આલ્બર્ટ ગિલક્રિસ્ટ
"
880,"આરુશી અગ્રવાલ
"
881,"નર્મદાશંકર દવે
"
882,"હરિલાલ ઉપાધ્યાય
"
883,"અમજદ ખાન
"
884,"હસન રઝા
"
885,"સલીલ અંકોલા
"
886,"બ્રિન્દા પારેખ
"
887,"રજનીકાન્ત
"
888,"હસમુખ બારાડી
"
889,"સરફરાઝ નવાઝ
"
890,"જૅક કોલિસ
"
891,"સ્ટીફન ફ્લૅમિંગ
"
892,"શેખર રવજિઆની
"
893,"સક્લેન મુશ્તાક
"
894,"ગુલામ મોહમ્મદ શેખ
"
895,"અબ્દુલ કરીમ તેલગી
"
896,"આશા પારેખ
"
897,"ગીત શેઠી
"
898,"ડૉન બ્રેડમેન
"
899,"અબ્દુલ કરીમ તેલગી
"
900,"ટીના મુનિમ
"
901,"કોટા શ્રીનિવાસ રાવ કોઉન્ડમણી
"
902,"નરેન્દ્ર હિરવાણી
"
903,"આલ્બર્ટ ગિલક્રિસ્ટ
"
904,"અખો
"
905,"રજનીકાન્ત
"
906,"વકાર યૂનુસ
"
907,"ગુલ્શન ગ્રોવર
"
908,"અનસુયા સુતરિયા
"
909,"સલીમ ઝાફર
"
910,"ગણેશ વાસુદેવ માવલંકર
"
911,"આનંદજી વીરજી
"
912,"જૅક કોલિસ
"
913,"મત્રિક્દ પ્રસાદ કોઇરાલા
"
914,"નવજોત સિંઘ સિદ્ધૂ
"
915,"દાસરી નારાયણ રાવ
"
916,"જય વસાવડા
"
917,"સુપ્રિયા પાઠક
"
918,"દેવાંગ પટેલ
"
919,"ફિરોઝ ભગત
"
920,"સ્વામી દયાનંદ
"
921,"ધર્મેન્દ્ર
"
922,"પ્રતિભા પાટિલ
"
923,"દલેર મેંહદી
"
924,"લાભશંકર ઠાકર
"
925,"ડેવિડ બૂન
"
926,"અજીત આગરકર
"
927,"મોહમ્મદ અઝહરુદ્દીન
"
928,"ફિરોઝ ભગત
"
929,"કસ્તુરબા ગાંધી
"
930,"પ્રાણજીવન પાઠક
"
931,"નલિનિકાંત નવીન
"
932,"બસપ્પા ડનપ્પા જત્તી
"
933,"મલૈકા અરોરા
"
934,"અમર્ત્ય કુમાર સેન
"
935,"આશા પારેખ
"
936,"રિચર્ડ હેડલી
"
937,"જૉર્જ બુશ
"
938,"નીલમ કોઠારી
"
939,"આરુશી અગ્રવાલ
"
940,"મલ્લિકા સારાભાઈ
"
941,"વિઠ્ઠલભાઈ પટેલ
"
942,"માર્ગરેટ થેચર
"
943,"ફાલ્ગુની પાઠક
"
944,"તસનીમ મહેતા
"
945,"એ.પી.જે. અબ્દુલ કલામ
"
946,"શેખર કપૂર
"
947,"બલ્વિન્દર સંધૂ
"
948,"મોરારજી દેસાઈ
"
949,"કવિ કલાપિ
"
950,"મુકેશ ભટ્ટ
"
951,"કાલુવિથર્ના
"
952,"સુનીધિ ચૌહાન
"
953,"જમશેદજી ટાટા
"
954,"નમીતા વનકાવાલા
"
955,"માર્કન્ડ ભટ્ટ
"
956,"શોએબ અખ્તર
"
957,"જગમોહન દાલમિયા
"
958,"કુનાલ ગાંજાવાલા
"
959,"કરણ પટેલ
"
960,"ચન્દ્રુ પૉલ
"
961,"સૂર્યકાન્ત ત્રિપાઠી નિરાલા
"
962,"પાર્થિવ પટેલ
"
963,"કોચરીલ રેહમાન નારાયણ
"
964,"બિશેશ્વર પ્રસાદ કોઇરાલા
"
965,"વિશ્વનાથ પ્રતાપ સિંઘ
"
966,"હિમેશ રેશમિયા
"
967,"હસમુખભાઈ પારેખ
"
968,"ઝહીર અબ્બાસ
"
969,"અઝિમ પ્રેમજી
"
970,"રુચા ગુજરાતી
"
971,"વીર સંઘવી
"
972,"વી.વી. એસ. લક્ષ્મણ
"
973,"અનિલ અંબાણી
"
974,"બિશેશ્વર પ્રસાદ કોઇરાલા
"
975,"યેસુદાસ
"
976,"નિલિમા શેખ
"
977,"દીપિકા ચિખલિયા
"
978,"સાહિબઝાદા ફારુખ અલી
"
979,"ડેવિડ બૂન
"
980,"મોહમ્મદ વસીમ હિદાયતુલ્લાહ
"
981,"મહેંદ્ર જોશી
"
982,"અઝિમ પ્રેમજી
"
983,"દિવ્યાંક ત્રિપાઠી
"
984,"ચન્દ્રુ પૉલ
"
985,"ટીનુ આનંદ
"
986,"ત્રિભુવન બીર બિક્રમ શાહ
"
987,"શાહિદ અફ્રીદી
"
988,"મોહમ્મદ અઝહરુદ્દીન
"
989,"જૉન્ટી રોડ્સ
"
990,"સલીમ ઝાફર
"
991,"ટ્યુલિપ જોશી
"
992,"ક્રિષ્ણા ગોકાણી
"
993,"કાર્લ હુપર
"
994,"અજય જાડેજા
"
995,"પ્રભાકરન
"
996,"પૂનમ જોશી
"
997,"નીલમ કોઠારી
"
998,"શ્રુતિ શેઠ
"
999,"સ્ટીવ વૉગ
"
1000,"ઇમરાન હાશ્મી
"
1001,"સઆદત અલી મન્ટો
"
1002,"જાવેદ જાફ્રી
"
1003,"વિવિયન રિચર્ડ્સ
"
1004,"અનુપમ ખેર
"
1005,"ઈશુ પટેલ
"
1006,"હેમચંદ્ર
"
1007,"આશ્કા ગોરડિયા
"
1008,"નીલમ સંજીવ રેડ્ડી
"
1009,"કરીશ્મા મોદી
"
1010,"ચમિંડા વાસ
"
1011,"ઇયાન ચેપલ
"
1012,"મુશ્તાક અહેમદ
"
1013,"અબ્દુલ કાદિર
"
1014,"બેન કિંગ્સલી
"
1015,"નિયતી જોશી
"
1016,"મુકેશ ભટ્ટ
"
1017,"જસુ પટેલ
"
1018,"રોમા માણેક
"
1019,"અમરીશ પુરી
"
1020,"નીલેશ નાડકર્ણી
"
1021,"વિનોદ ગણપત કામ્બલી
"
1022,"ગુણવંતરાય આચાર્ય
"
1023,"મહેશ ભટ્ટ
"
1024,"આર. ડબલ્યૂ. એંડરસન
"
1025,"તુલસી ગિરિ
"
1026,"બ્રિન્દા પારેખ
"
1027,"ચૌધરી સુજાત હુસૈન
"
1028,"નરેશ કનોડિયા
"
1029,"અબ્દુલ કરીમ તેલગી
"
1030,"મલ્લિકા સારાભાઈ
"
1031,"સની દેઓલ
"
1032,"દિલિપ વેંગસરકર
"
1033,"કાકાસાહેબ કાલેલકર
"
1034,"હિમેશ રેશમિયા
"
1035,"ઈશુ પટેલ
"
1036,"સત્યજીત રે
"
1037,"ફિરોઝ ભગત
"
1038,"શંકર દયાલ શર્મા
"
1039,"આશ્કા ગોરડિયા
"
1040,"બૉબી દેઓલ
"
1041,"શંકર દયાલ શર્મા
"
1042,"વિષ્ણુ સખારામ ખાન્ડેકર
"
1043,"શમશેર જંગ બહાદુર રાણા
"
1044,"મનમોહન દેસાઈ
"
1045,"સુચિતા ત્રિવેદી
"
1046,"સુનીધિ ચૌહાન
"
1047,"આન્દ્રે અગાસી
"
1048,"ઈશા શરવાની
"
1049,"રણવીર કપૂર
"
1050,"દલેર મેંહદી
"
1051,"ઇરફાન પઠાણ
"
1052,"દેવ આનંદ
"
1053,"સનથ જયસૂર્યા
"
1054,"કર્સન ઘાવરી
"
1055,"આઈ પી ગૌતમ
"
1056,"મનુભાઈ પંચોલી
"
1057,"હરિ પુંજા
"
1058,"મોહમ્મદ અલી જિન્નાહ
"
1059,"નરેન્દ્ર મોદી
"
1060,"સત્યજીત રે
"
1061,"આશિષ આનંદ કપૂર
"
1062,"દુર્ગેશ શુકલા
"
1063,"યેસુદાસ
"
1064,"અંશુમન ગાયકવાડ
"
1065,"રાજેશ ખન્ના
"
1066,"રાજેન્દ્ર શુક્લ
"
1067,"વિનોદ જોશી
"
1068,"સલીમ ઝાફર
"
1069,"સલીમ ઝાફર
"
1070,"શરદ બાબૂ
"
1071,"પન્નાલાલ પટેલ
"
1072,"સ્વામી દયાનંદ
"
1073,"નિકિતા શાહ
"
1074,"સિદ્ધાર્થ રાંદેરિયા
"
1075,"રમેશ મહેતા
"
1076,"કમલેશ ઓઝા
"
1077,"કંગના રનાવત
"
1078,"કૃષ્ણમ રાજુ
"
1079,"ગાયત્રી જોશી
"
1080,"સંજય ગઢવી
"
1081,"ઈશુ પટેલ
"
1082,"જૅકી શ્રૉફ
"
1083,"ઇન્દુલાલ ગાંધી
"
1084,"નરેન્દ્ર મોદી
"
1085,"શેખર કપૂર
"
1086,"શાહિદ અફ્રીદી
"
1087,"સોનુ નિગમ
"
1088,"મહેંદ્ર જોશી
"
1089,"યુસુફ પઠાણ
"
1090,"આશ્કા ગોરડિયા
"
1091,"વેંકૈયા નાયડૂ
"
1092,"મલ્લિકા શેરાવત
"
1093,"મોહિંદર અમરનાથ
"
1094,"રૉબિન સિંઘ
"
1095,"રામ ગોપાલ વર્મા
"
1096,"અમરીશ પુરી
"
1097,"સોનિયા ગાંધી
"
1098,"આમિર સોહેલ ખાન
"
1099,"ઉદય કોટક
"
1100,"નલિનિકાંત નવીન
"
1101,"પ્રાચી દેસાઈ
"
1102,"અપરા મહેતા
"
1103,"જૉની વોકર
"
1104,"પ્રભુ દેવા
"
1105,"હજારી પ્રસાદ દ્વિવેદી
"
1106,"ગુરદાસ માન
"
1107,"સચિન તેંડુલકર
"
1108,"જૉની વોકર
"
1109,"મહાદેવ દેસાઈ
"
1110,"વિશ્વનાથ પ્રતાપ સિંઘ
"
1111,"યૂસુફ યોહાના
"
1112,"પ્રેમ ચોપ્રા
"
1113,"માઇકલ આથર્ટન
"
1114,"વસીમ અક્રમ
"
1115,"શોએબ અખ્તર
"
1116,"ગ્રેગ ચેપેલ
"
1117,"વિશ્વનાથ પ્રતાપ સિંઘ
"
1118,"ભાસ્કર વોરા
"
1119,"સત્યજીત રે
"
1120,"કરીશ્મા મોદી
"
1121,"બટુભાઈ ઉમરવાડિયા
"
1122,"સલીમ ઝાફર
"
1123,"હસમુખભાઈ પારેખ
"
1124,"જવાહરલાલ નેહરુ
"
1125,"માર્ક બાઉચર
"
1126,"લાલૂ પ્રસાદ યાદવ
"
1127,"અખો
"
1128,"દીના પાઠક
"
1129,"દાસરી નારાયણ રાવ
"
1130,"નર્મદાશંકર દવે
"
1131,"મનોહર જોશી
"
1132,"બૉબી દેઓલ
"
1133,"ફિરોઝ નડિયાદવાલા
"
1134,"નિમિશા વોખરિયા
"
1135,"વસુંધરા રાજે સિંધિયા
"
1136,"વેંકટેશ પ્રસાદ
"
1137,"વિનોદ ગણપત કામ્બલી
"
1138,"જૉની લીવર
"
1139,"સાનિયા મિર્ઝા
"
1140,"નરી કોન્ટ્રેક્ટર
"
1141,"બાલિ બ્રહ્મભટ્ટ
"
1142,"સિરાજ બહુતુલે
"
1143,"સાનિયા મિર્ઝા
"
1144,"એલન ડોનાલ્ડ
"
1145,"રિચર્ડ હેડલી
"
1146,"પરમસુખ પંડ્યા
"
1147,"સત્યમ પટેલ
"
1148,"અજય દેવગન
"
1149,"જય વસાવડા
"
1150,"ડિમ્પલ કાપડિયા
"
1151,"સૂર્યકાન્ત ત્રિપાઠી નિરાલા
"
1152,"મિથુન ચક્રવર્તી
"
1153,"સુપ્રિયા પાઠક
"
1154,"સઈદ અનવર
"
1155,"વિષ્ણુ વર્ધન
"
1156,"જ્યોતિન્દ્ર દવે
"
1157,"અમરીશ પુરી
"
1158,"રમણલાલ મહેતા
"
1159,"હેન્સી ક્રોનિયે
"
1160,"ફખરુદ્દિન અલી અહેમદ
"
1161,"વેંકૈયા નાયડૂ
"
1162,"દાસરી નારાયણ રાવ
"
1163,"અમિતાભ બચ્ચન
"
1164,"નુપૂર જોશી
"
1165,"કે. કરૂણાનિધિ
"
1166,"શેખ મુજીબુર રહેમાન
"
1167,"ચાર્લી ચેપ્લિન
"
1168,"માનવ ગોહિલ
"
1169,"મેઘનાદ દેસાઈ
"
1170,"ફાલ્ગુની પાઠક
"
1171,"શેખર રવજિઆની
"
1172,"હોમી વાડિયા
"
1173,"અરવિંદ ડીસિલ્વા
"
1174,"સલીમ ઝાફર
"
1175,"કપિલ દેવ
"
1176,"અરવિંદ ડીસિલ્વા
"
1177,"શાહિદ અફ્રીદી
"
1178,"આન્દ્રે અગાસી
"
1179,"હરિ પુંજા
"
1180,"જયંતિ પટેલ
"
1181,"રસિકલાલ પરીખ
"
1182,"અજય દેવગન
"
1183,"અબ્દુલ કાદિર
"
1184,"મનમોહન સિંઘ
"
1185,"વિવિયન રિચર્ડ્સ
"
1186,"અભિષેક બચ્ચન
"
1187,"ફારૂખ શેખ
"
1188,"આયેશા તાકિયા
"
1189,"ઇયાન ચેપલ
"
1190,"સંધ્યા રાની મૃદુલ
"
1191,"જયશંકર સુંદરી
"
1192,"આલ્બર્ટ અલગોર
"
1193,"શત્રુઘ્ન સિંહા
"
1194,"બેનઝીર ભુટ્ટો
"
1195,"ટ્યુલિપ જોશી
"
1196,"પટ્ટાભી સીતારમૈયા
"
1197,"જગદીશ ભગવતી
"
1198,"નાઝનીન પટેલ
"
1199,"હ્રિશીતા ભટ્ટ
"
1200,"જગમોહન દાલમિયા
"
1201,"ફિરોઝ નડિયાદવાલા
"
1202,"સનથ જયસૂર્યા
"
1203,"જયંતિ પટેલ
"
1204,"આલેક મહેતા
"
1205,"બાલિ બ્રહ્મભટ્ટ
"
1206,"અબ્બાસ તૈયબજી
"
1207,"મુકેશ ભટ્ટ
"
1208,"સામ પિત્રોડા
"
1209,"હિમેશ રેશમિયા
"
1210,"જયા બચ્ચન
"
1211,"મુશ્તાક અહેમદ
"
1212,"કે. કરૂણાનિધિ
"
1213,"ચરણ સિંઘ
"
1214,"અતુલ ડોડિયા
"
1215,"આલોક નાથ
"
1216,"સ્વામી દયાનંદ
"
1217,"એ.પી.જે. અબ્દુલ કલામ
"
1218,"પાયલ રહતોગિ
"
1219,"કપિલ દેવ
"
1220,"યૂસુફ યોહાના
"
1221,"ઝહીર અબ્બાસ
"
1222,"હજારી પ્રસાદ દ્વિવેદી
"
1223,"અમરીશ પુરી
"
1224,"નિયતી જોશી
"
1225,"ઝુબેદા
"
1226,"સક્લેન મુશ્તાક
"
1227,"શેખ મુજીબુર રહેમાન
"
1228,"ઝહીર અબ્બાસ
"
1229,"મોહમ્મદ અઝહરુદ્દીન
"
1230,"સૌરવ ગંગુલી
"
1231,"મનિન્દર સિંઘ
"
1232,"હેન્સી ક્રોનિયે
"
1233,"ડૉન બ્રેડમેન
"
1234,"શાહરુખ ખાન
"
1235,"સૈફ અલી ખાન
"
1236,"બલીરામ ભગત
"
1237,"સામ પિત્રોડા
"
1238,"દીપિકા પાદુકોણ
"
1239,"ઇમરાન હાશ્મી
"
1240,"પર્સિસ ખંભાતા
"
1241,"નગેશ્વર નારાયણ રાવ
"
1242,"મલૈકા અરોરા
"
1243,"ચાર્લી ચેપ્લિન
"
1244,"રૉબિન સિંઘ
"
1245,"મહાદેવ દેસાઈ
"
1246,"અનિલ અંબાણી
"
1247,"હેમચંદ્ર
"
1248,"નુપૂર જોશી
"
1249,"પાર્થિવ પટેલ
"
1250,"પરવેઝ મુશર્રફ
"
1251,"રામસ્વામી ઐયર વેંકટરમણ
"
1252,"દીપક ઘીવાલા
"
1253,"બ્રિજેશ પટેલ
"
1254,"વસુંધરા રાજે સિંધિયા
"
1255,"વીર સંઘવી
"
1256,"કિશોર કુમાર
"
1257,"વિજયા મહેતા
"
1258,"એ. આર. રેહમાન
"
1259,"શરમન જોશી
"
1260,"ભૈરો સિંઘ શેખાવત
"
1261,"મહેશ ભૂપતી
"
1262,"સનથ જયસૂર્યા
"
1263,"મનોજ કુમાર
"
1264,"અનિલ કુમ્બલે
"
1265,"માર્કન્ડ ભટ્ટ
"
1266,"ગિરિજા પ્રસાદ કોઇરાલા
"
1267,"શેખર રવજિઆની
"
1268,"રાજદીપ સરદેસાઈ
"
1269,"અમર ઉપાધ્યાય
"
1270,"શોએબ અખ્તર
"
1271,"ઉમાશંકર જોશી
"
1272,"નરેન્દ્ર મોદી
"
1273,"જિતેન્દ્ર
"
1274,"નયન મોંગિયા
"
1275,"મલ્લિકા શેરાવત
"
1276,"ઉપેન્દ્ર ત્રિવેદી
"
1277,"એન.ટી. રામારાવ
"
1278,"એ. એલ. કાલીચરણ
"
1279,"એ. આર. રેહમાન
"
1280,"ભાસ્કર વોરા
"
1281,"જે. ડી. મજેઠિયા
"
1282,"જૅકી ચેન
"
1283,"દિવ્યાંક ત્રિપાઠી
"
1284,"ઝુલ્ફિકાર અલી ભુટ્ટો
"
1285,"આરુશી અગ્રવાલ
"
1286,"મંસૂર અખ્તર
"
1287,"શાહિદ અફ્રીદી
"
1288,"અબે કુરુવિલા
"
1289,"સૂર્યકાન્ત ત્રિપાઠી નિરાલા
"
1290,"અબ્દુલ કાદિર
"
1291,"રઘુવીર ચૌધરી
"
1292,"સાનિયા મિર્ઝા
"
1293,"માર્ક બાઉચર
"
1294,"ચિનુ મોદી
"
1295,"ધર્મેન્દ્ર
"
1296,"ભૂપેન ખખ્ખર
"
1297,"બ્રિજેશ પટેલ
"
1298,"કુનાલ ગાંજાવાલા
"
1299,"પ્રેમાનંદ
"
1300,"હરિલાલ ઉપાધ્યાય
"
1301,"ગોવર્ધન પંચાલ
"
1302,"મિથુન ચક્રવર્તી
"
1303,"કરિશ્મા કપૂર
"
1304,"લતા મંગેશકર
"
1305,"હરીશ ભિમાણી
"
1306,"જશવંત ઠાકર
"
1307,"સિદ્દાવનાલી નિજાલિંગપ્પા
"
1308,"નયન મોંગિયા
"
1309,"મલ્લિકા શેરાવત
"
1310,"મિથુન ચક્રવર્તી
"
1311,"સરફરાઝ નવાઝ
"
1312,"રાજેન્દ્ર ગઢવી
"
1313,"ચંકી પાન્ડે
"
1314,"સ્ટીફન ફ્લૅમિંગ
"
1315,"શમ્મી કપૂર
"
1316,"કુનાલ ગાંજાવાલા
"
1317,"રાજીવ મહેતા
"
1318,"અબે કુરુવિલા
"
1319,"વરાહગિરી વેંકટગિરી
"
1320,"વસુંધરા રાજે સિંધિયા
"
1321,"નર્મદાશંકર દવે
"
1322,"હેમચંદ્ર
"
1323,"સક્લેન મુશ્તાક
"
1324,"કાલુવિથર્ના
"
1325,"શ્રુતિ શેઠ
"
1326,"યશવંત પંડ્યા
"
1327,"માર્ગરેટ થેચર
"
1328,"લીઓનાર્ડો ડી કેપ્રિયો
"
1329,"કરિશ્મા કપૂર
"
1330,"ગાયત્રી જોશી
"
1331,"તુલસી ગિરિ
"
1332,"દલપતરામ
"
1333,"શેખર રવજિઆની
"
1334,"દીપક ઘીવાલા
"
1335,"મરવન અટ્ટાપટ્ટૂ
"
1336,"આન્દ્રે અગાસી
"
1337,"સુનીલ ગાવસ્કર
"
1338,"ચન્દ્રુ પૉલ
"
1339,"સંજીવ કુમાર
"
1340,"ગોવિન્દા
"
1341,"સરદાર હુકમ સિંઘ
"
1342,"સક્લેન મુશ્તાક
"
1343,"આઇકિદો ફુજિયામા
"
1344,"સરદાર વલ્લભભાઈ પટેલ
"
1345,"ગિરિશ કર્નાડ
"
1346,"સાયલી ભગત
"
1347,"રાહુલ દ્રવિડ
"
1348,"એ.પી.જે. અબ્દુલ કલામ
"
1349,"ફારૂક એન્જિનિયર
"
1350,"ઉર્મિલા ભટ્ટ
"
1351,"યુસુફ પઠાણ
"
1352,"શોએબ અખ્તર
"
1353,"નરસિંહ મહેતા
"
1354,"મોરારજી દેસાઈ
"
1355,"મુથૈયા મુરલીધરન
"
1356,"કરિશ્મા કપૂર
"
1357,"ટીનુ આનંદ
"
1358,"નરેન્દ્ર હિરવાણી
"
1359,"પૂજા ભટ્ટ
"
1360,"ચન્દ્રશેખર
"
1361,"સૂર્યકાન્ત ત્રિપાઠી નિરાલા
"
1362,"બોમન ઇરાની
"
1363,"અંશુમન ગાયકવાડ
"
1364,"શરદ બાબૂ
"
1365,"વિનોદ ગણપત કામ્બલી
"
1366,"ચિરંજીવી
"
1367,"સુનીલ દત્ત
"
1368,"અનસુયા સુતરિયા
"
1369,"લાલ કૃષ્ણ અડવાણી
"
1370,"અશ્મિત પટેલ
"
1371,"અખો
"
1372,"ઇન્ઝામામ-ઉલ-હક
"
1373,"જિમી નંદા
"
1374,"સ્વરૂપ સંપત
"
1375,"ઇલયારાજા
"
1376,"ઉપેન્દ્ર ત્રિવેદી
"
1377,"મલ્લિકા શેરાવત
"
1378,"સની દેઓલ
"
1379,"ચન્દ્રુ પૉલ
"
1380,"દિલિપ કુમાર
"
1381,"રાજેન્દ્ર શુક્લ
"
1382,"માર્ગરેટ થેચર
"
1383,"રોનાલ્ડ રેગન
"
1384,"હ્રિશીતા ભટ્ટ
"
1385,"સિદ્દાવનાલી નિજાલિંગપ્પા
"
1386,"પરીતા પારેખ
"
1387,"અંશુમન ગાયક્વાડ
"
1388,"જૉર્જ ફર્નાંડિસ
"
1389,"કરિશ્મા કપૂર
"
1390,"સુનીલ દત્ત
"
1391,"ડૉન બ્રેડમેન
"
1392,"મનિન્દર સિંઘ
"
1393,"એમ.એફ. હુસેન
"
1394,"હેમુ અધિકારી
"
1395,"સત્યમ પટેલ
"
1396,"ટોની બ્લેર
"
1397,"સતીશ શાહ
"
1398,"નર્મદ
"
1399,"આરુશી અગ્રવાલ
"
1400,"મનુ પારેખ
"
1401,"ગ્યાની ઝૈલ સિંઘ
"
1402,"આશા પારેખ
"
1403,"જયંતિ દલાલ
"
1404,"પરમસુખ પંડ્યા
"
1405,"જિમી મિસ્ત્રી
"
1406,"સૂર્ય બહાદુર થાપા
"
1407,"રામ ગોપાલ વર્મા
"
1408,"મહેશ ભટ્ટ
"
1409,"ગુરદાસ માન
"
1410,"મુશ્તાક અહેમદ
"
1411,"હેમુ અધિકારી
"
1412,"પૂર્વી જોશી
"
1413,"ડૉન બ્રેડમેન
"
1414,"બૉબી દેઓલ
"
1415,"સાનિયા મિર્ઝા
"
1416,"ગુરદાસ માન
"
1417,"મરવન અટ્ટાપટ્ટૂ
"
1418,"ઉપેન્દ્ર ત્રિવેદી
"
1419,"હરધનહલ્લી ડી. દેવગૌડા
"
1420,"કબીર બેદી
"
1421,"ગાયત્રી જોશી
"
1422,"એન્ડી ફ્લાવર
"
1423,"કુનાલ ગાંજાવાલા
"
1424,"તુલસી ગિરિ
"
1425,"લીઓનાર્ડો ડી કેપ્રિયો
"
1426,"જયા બચ્ચન
"
1427,"રવિ શાસ્ત્રી
"
1428,"રાની મુખર્જી
"
1429,"વેંકટેશ પ્રસાદ
"
1430,"રામસ્વામી ઐયર વેંકટરમણ
"
1431,"વિનોદ ગણપત કામ્બલી
"
1432,"ગાયત્રી જોશી
"
1433,"કમલ હસન
"
1434,"કિરણ મોરે
"
1435,"સાહિબઝાદા ફારુખ અલી
"
1436,"સંધ્યા રાની મૃદુલ
"
1437,"ટીના મુનિમ
"
1438,"રાજેન્દ્ર ગઢવી
"
1439,"બૉબી દેઓલ
"
1440,"મનોજ કુમાર
"
1441,"સુનીતા વિલિયમ્સ
"
1442,"શેખ મુજીબુર રહેમાન
"
1443,"સંજય લીલા ભણસાલી
"
1444,"ત્રિભુવન બીર બિક્રમ શાહ
"
1445,"સની દેઓલ
"
1446,"યુસુફ પઠાણ
"
1447,"શ્રીકાંત
"
1448,"કાદર ખાન
"
1449,"ક્લાઇવ લૉઈડ
"
1450,"તુલસી તંતી
"
1451,"જિમી નંદા
"
1452,"માનવ ગોહિલ
"
1453,"લીઓનાર્ડો ડી કેપ્રિયો
"
1454,"સ્વરૂપ સંપત
"
1455,"વિષ્ણુ વર્ધન
"
1456,"ઝુલ્ફિકાર અલી ભુટ્ટો
"
1457,"આશ્કા ગોરડિયા
"
1458,"પ્રિયંકા વધેરા
"
1459,"સ્વરૂપ સંપત
"
1460,"કરણ બિલિમોરીયા
"
1461,"જૉની લીવર
"
1462,"મલ્લિકા સારાભાઈ
"
1463,"દીપક તિજોરી
"
1464,"ઝાકિર હુસૈન
"
1465,"મલૈકા અરોરા
"
1466,"નુપૂર જોશી
"
1467,"સ્વામી દયાનંદ
"
1468,"સાયલી ભગત
"
1469,"ઝહીર અબ્બાસ
"
1470,"અનિલ અંબાણી
"
1471,"જ્યોતિન્દ્ર દવે
"
1472,"અરુણા ઇરાની
"
1473,"રાજ ભાવસાર
"
1474,"અખો
"
1475,"પૂનમ જોશી
"
1476,"કરીશ્મા મોદી
"
1477,"લીઓનાર્ડો ડી કેપ્રિયો
"
1478,"ઝાકિર હુસૈન
"
1479,"કોચરીલ રેહમાન નારાયણ
"
1480,"અર્જુન સિંઘ
"
1481,"હર્શેલ ગિબ્સ
"
1482,"શાહિદ અફ્રીદી
"
1483,"દિલિપ વેંગસરકર
"
1484,"ગણેશ વાસુદેવ માવલંકર
"
1485,"દાનિશ કનેરિયા
"
1486,"અતુલ ડોડિયા
"
1487,"રાજ ભાવસાર
"
1488,"મનીષા કનોજિયા
"
1489,"તુલસી ગિરિ
"
1490,"ક્રિષ્ણા ગોકાણી
"
1491,"એડમ પરોરે
"
1492,"અલકા યાગ્નિક
"
1493,"શિવરાજ પાટિલ
"
1494,"વસુંધરા રાજે સિંધિયા
"
1495,"નિહારી જોશી
"
1496,"નિહારી જોશી
"
1497,"કુનાલ ગાંજાવાલા
"
1498,"ફારૂખ શેખ
"
1499,"ધર્મેશ વ્યાસ
"
1500,"ઈશા શરવાની
"
1501,"નલિનિકાંત નવીન
"
1502,"જીતેન્દ્ર જટાશંકર રાવલ
"
1503,"નિહારી જોશી
"
1504,"ઝુલ્ફિકાર અલી ભુટ્ટો
"
1505,"મિથુન ચક્રવર્તી
"
1506,"અનસુયા સુતરિયા
"
1507,"સલીમ ઝાફર
"
1508,"ફિરોઝ નડિયાદવાલા
"
1509,"બિશેશ્વર પ્રસાદ કોઇરાલા
"
1510,"મોહમ્મદ વસીમ હિદાયતુલ્લાહ
"
1511,"જગદીશ ભગવતી
"
1512,"જૉની લીવર
"
1513,"વિક્રમ સારાભાઈ
"
1514,"મિથુન ચક્રવર્તી
"
1515,"સુનીતા વિલિયમ્સ
"
1516,"ટિકૂ તલસાણિયા
"
1517,"મમૂતી
"
1518,"બલીરામ ભગત
"
1519,"ફખરુદ્દિન અલી અહેમદ
"
1520,"નર્મદ
"
1521,"વિનોદ જોશી
"
1522,"હર્શેલ ગિબ્સ
"
1523,"જય વસાવડા
"
1524,"આમિર સોહેલ ખાન
"
1525,"દેવાશિશ મોહન્તિ
"
1526,"અનુપમ ખેર
"
1527,"હજારી પ્રસાદ દ્વિવેદી
"
1528,"સુચિતા ત્રિવેદી
"
1529,"રમેશ મહેતા
"
1530,"કુમાર ગૌરવ
"
1531,"સુનીલ દત્ત
"
1532,"માર્ક બાઉચર
"
1533,"રામસ્વામી ઐયર વેંકટરમણ
"
1534,"ગોવર્ધન પંચાલ
"
1535,"લાલ બહાદુર શાસ્ત્રી
"
1536,"વિનોદ રાઠોડ
"
1537,"બિંદુ દેસાઈ
"
1538,"મમૂતી
"
1539,"દાસરી નારાયણ રાવ
"
1540,"આશ્કા ગોરડિયા
"
1541,"રોમા માણેક
"
1542,"બોમન ઇરાની
"
1543,"ટોની બ્લેર
"
1544,"પંકજ ઉધાસ
"
1545,"સાનિયા મિર્ઝા
"
1546,"નીલેશ નાડકર્ણી
"
1547,"રોહન ગાવસ્કર
"
1548,"ડિમ્પલ કાપડિયા
"
1549,"પિયા ત્રિવેદી
"
1550,"પ્રતિભા પાટિલ
"
1551,"જયંતિ દલાલ
"
1552,"જાવેદ જાફ્રી
"
1553,"કરણ બિલિમોરીયા
"
1554,"જૅકી ચેન
"
1555,"સુનીલ ગાવસ્કર
"
1556,"બ્રાયન લારા
"
1557,"નગેશ્વર નારાયણ રાવ
"
1558,"સલીમ ઝાફર
"
1559,"આશા પારેખ
"
1560,"જ્યોતિ ભટ્ટ
"
1561,"રજનીકાન્ત
"
1562,"સતીશ શાહ
"
1563,"સ્વામી દયાનંદ
"
1564,"મનમોહન સિંઘ
"
1565,"બટુભાઈ ઉમરવાડિયા
"
1566,"હ્રિશીતા ભટ્ટ
"
1567,"ઇયાન ચેપલ
"
1568,"પૂજા ભટ્ટ
"
1569,"અનસુયા સુતરિયા
"
1570,"મણીભાઈ દેસાઈ
"
1571,"જૅક કોલિસ
"
1572,"ગગન ખોડા
"
1573,"નીલમ કોઠારી
"
1574,"ચક્રવર્તી રાજગોપાલાચારી
"
1575,"એન.ટી. રામારાવ
"
1576,"રાજ ભાવસાર
"
1577,"માર્ક બાઉચર
"
1578,"કમલ હસન
"
1579,"લાલૂ પ્રસાદ યાદવ
"
1580,"સ્વરૂપ સંપત
"
1581,"હરીશ ભિમાણી
"
1582,"અપરા મહેતા
"
1583,"સ્ટીવ વૉગ
"
1584,"રાની મુખર્જી
"
1585,"ક્લાઇવ લૉઈડ
"
1586,"સરદાર હુકમ સિંઘ
"
1587,"રઘુવીર ચૌધરી
"
1588,"આરુશી અગ્રવાલ
"
1589,"હરધનહલ્લી ડી. દેવગૌડા
"
1590,"અબ્દુલ કરીમ તેલગી
"
1591,"સત્યજીત રે
"
1592,"સદગોપન રમેશ
"
1593,"આનંદજી વીરજી
"
1594,"ચેતન શર્મા
"
1595,"અમજદ ખાન
"
1596,"સુનીલ દત્ત
"
1597,"વસુંધરા રાજે સિંધિયા
"
1598,"ઝિયા-ઉલ-હક
"
1599,"કૃતિકા દેસાઈ
"
1600,"શ્રુતિ શેઠ
"
1601,"જયંતિ દલાલ
"
1602,"અશોક કુમાર મલ્હોત્રા
"
1603,"મલ્લિકા સારાભાઈ
"
1604,"રણજીતરામ મહેતા
"
1605,"પર્સિસ ખંભાતા
"
1606,"કસ્તુરબા ગાંધી
"
1607,"તનાઝ કરિમ
"
1608,"મનોહર જોશી
"
1609,"ઇમરાન ખાન
"
1610,"અબ્દુલ કરીમ તેલગી
"
1611,"કોંકણા સેન-શર્મા
"
1612,"ટીના મુનિમ
"
1613,"સુનીલ દત્ત
"
1614,"પ્રભાકરન
"
1615,"કંગના રનાવત
"
1616,"રણજીતરામ મહેતા
"
1617,"મમૂતી
"
1618,"કૃષ્ણ પ્રસાદ ભટ્ટરાય
"
1619,"ચન્દ્રુ પૉલ
"
1620,"જિમી મિસ્ત્રી
"
1621,"શમ્મી કપૂર
"
1622,"અજીત વાડેકર
"
1623,"બ્રિન્દા પારેખ
"
1624,"સર્વેશ્વર દયાલ સક્સેના
"
1625,"અમર ગુપ્તા
"
1626,"ગણેશ વાસુદેવ માવલંકર
"
1627,"નલિનિકાંત નવીન
"
1628,"શમ્મી કપૂર
"
1629,"ફખરુદ્દિન અલી અહેમદ
"
1630,"મહેશ ભૂપતી
"
1631,"મહેંદ્ર જોશી
"
1632,"ફારૂખ શેખ
"
1633,"સિંપલ કાપડિયા
"
1634,"ઝાકિર હુસૈન
"
1635,"ચાર્લી ચેપ્લિન
"
1636,"કોંકણા સેન-શર્મા
"
1637,"ગાયત્રી જોશી
"
1638,"અંશુમન ગાયકવાડ
"
1639,"અજય જાડેજા
"
1640,"રાજ ભાવસાર
"
1641,"ઇલયારાજા
"
1642,"સુનીધિ ચૌહાન
"
1643,"મનોહર જોશી
"
1644,"નાના પાટેકર
"
1645,"પિયા ત્રિવેદી
"
1646,"ઝાકિર હુસૈન
"
1647,"પરમસુખ નાયક
"
1648,"વિજયા મહેતા
"
1649,"રાજેન્દ્ર પ્રસદ
"
1650,"જ્યોતિન્દ્ર દવે
"
1651,"વિઠ્ઠલભાઈ પટેલ
"
1652,"રોનાલ્ડ રેગન
"
1653,"ઝુલ્ફિકાર અલી ભુટ્ટો
"
1654,"બ્રૂસ લી
"
1655,"બલીરામ ભગત
"
1656,"મહાદેવ દેસાઈ
"
1657,"મોરારજી દેસાઈ
"
1658,"માર્કન્ડ ભટ્ટ
"
1659,"રાવજી પટેલ
"
1660,"શમશેર જંગ બહાદુર રાણા
"
1661,"ચંકી પાન્ડે
"
1662,"ગુરદયાલ સિંઘ ધિલ્લોન
"
1663,"સચિન તેંડુલકર
"
1664,"હેમુ અધિકારી
"
1665,"કે. કરૂણાનિધિ
"
1666,"દિવ્યાંક ત્રિપાઠી
"
1667,"સઈદ અનવર
"
1668,"દીપિકા ચિખલિયા
"
1669,"ગોવિન્દા
"
1670,"સલીલ અંકોલા
"
1671,"વસીમ અક્રમ
"
1672,"ગિરિજા પ્રસાદ કોઇરાલા
"
1673,"અશોક કુમાર મલ્હોત્રા
"
1674,"જય વસાવડા
"
1675,"અતુલ ડોડિયા
"
1676,"ટિકૂ તલસાણિયા
"
1677,"બૉબી દેઓલ
"
1678,"અમીશા પટેલ
"
1679,"કોચરીલ રેહમાન નારાયણ
"
1680,"દેવેન ભોજાણી
"
1681,"હિમેશ રેશમિયા
"
1682,"કોચરીલ રેહમાન નારાયણ
"
1683,"ચેતન શર્મા
"
1684,"સુનીલ દત્ત
"
1685,"અરવિંદ ડીસિલ્વા
"
1686,"કાદર ખાન
"
1687,"બિશેશ્વર પ્રસાદ કોઇરાલા
"
1688,"નુપૂર જોશી
"
1689,"આઈ પી ગૌતમ
"
1690,"ખ્વાઝા મોઈનુદ્દિન ચિસ્તિ
"
1691,"આશ્કા ગોરડિયા
"
1692,"પૂજા ભટ્ટ
"
1693,"જૉર્જ ફર્નાંડિસ
"
1694,"ફખરુદ્દિન અલી અહેમદ
"
1695,"સલીલ અંકોલા
"
1696,"સરદાર વલ્લભભાઈ પટેલ
"
1697,"ઇમરાન હાશ્મી
"
1698,"શિવકુમાર જોશી
"
1699,"નલિની મહેતા
"
1700,"દીપક તિજોરી
"
1701,"ફખરુદ્દિન અલી અહેમદ
"
1702,"ફખરુદ્દિન અલી અહેમદ
"
1703,"લાભશંકર ઠાકર
"
1704,"સરફરાઝ નવાઝ
"
1705,"નલિનિકાંત નવીન
"
1706,"કરિશ્મા કપૂર
"
1707,"ડિમ્પલ કાપડિયા
"
1708,"અબ્બાસ તૈયબજી
"
1709,"ધ્રૂવ મિસ્ત્રી
"
1710,"જયશંકર સુંદરી
"
1711,"જમશેદજી ટાટા
"
1712,"દીપક ઘીવાલા
"
1713,"ચુનીલાલ આશારામ ભાવસાર
"
1714,"ગોવર્ધન પંચાલ
"
1715,"જાવેદ જાફ્રી
"
1716,"વિષ્ણુ સખારામ ખાન્ડેકર
"
1717,"રજનીકાન્ત
"
1718,"કવિ કલાપિ
"
1719,"બસપ્પા ડનપ્પા જત્તી
"
1720,"બેન કિંગ્સલી
"
1721,"સંજય લીલા ભણસાલી
"
1722,"કર્સન ઘાવરી
"
1723,"કસ્તુરબા ગાંધી
"
1724,"ગુલામ મોહમ્મદ શેખ
"
1725,"ઇન્દર કુમાર ગુજરાલ
"
1726,"અબે કુરુવિલા
"
1727,"શાહરુખ ખાન
"
1728,"સાયલી ભગત
"
1729,"રવિશંકર રાવળ
"
1730,"ગિરિશ કર્નાડ
"
1731,"હરભજન સિંઘ
"
1732,"તનાઝ કરિમ
"
1733,"ટીનુ આનંદ
"
1734,"ભીખુ પારેખ
"
1735,"ઇન્ઝામામ-ઉલ-હક
"
1736,"ચરણ સિંઘ
"
1737,"અરવિંદ ડીસિલ્વા
"
1738,"આકાશ ગુજરાતી
"
1739,"આશિષ આનંદ કપૂર
"
1740,"કિરણ મોરે
"
1741,"અબ્દુલ કાદિર
"
1742,"દિવ્યાંક ત્રિપાઠી
"
1743,"ચંકી પાન્ડે
"
1744,"અજય દેવગન
"
1745,"સનથ જયસૂર્યા
"
1746,"ધ્રૂવ મિસ્ત્રી
"
1747,"આશા પારેખ
"
1748,"સિદ્દાવનાલી નિજાલિંગપ્પા
"
1749,"પુરુશોત્તમ દાસ ટંડન
"
1750,"સૂર્ય બહાદુર થાપા
"
1751,"ઐશ્વર્યા રાય
"
1752,"રોમા માણેક
"
1753,"અજય દેવગન
"
1754,"નવજોત સિંઘ સિદ્ધૂ
"
1755,"લીઓનાર્ડો ડી કેપ્રિયો
"
1756,"બિશન સિંઘ બેદી
"
1757,"સીતારામ યેચુરી
"
1758,"સરફરાઝ નવાઝ
"
1759,"સનથ જયસૂર્યા
"
1760,"જિમી નંદા
"
1761,"ચેતન શર્મા
"
1762,"રાજીવ મહેતા
"
1763,"ચેતન શર્મા
"
1764,"નમીતા વનકાવાલા
"
1765,"દેવાશિશ મોહન્તિ
"
1766,"ડિમ્પલ કાપડિયા
"
1767,"અનસુયા સુતરિયા
"
1768,"ગુલામ મોહમ્મદ શેખ
"
1769,"અર્જુન સિંઘ
"
1770,"એમ.એફ. હુસેન
"
1771,"નિકિતા શાહ
"
1772,"પૂજા ભટ્ટ
"
1773,"આઈ પી ગૌતમ
"
1774,"કરિશ્મા કપૂર
"
1775,"વિક્રમ સારાભાઈ
"
1776,"રોહન ગાવસ્કર
"
1777,"મુરલી મનોહર જોશી
"
1778,"એન્ડી ફ્લાવર
"
1779,"ઝાકિર હુસૈન
"
1780,"ચુનીલાલ મડિયા
"
1781,"શ્યામજી ક્રિષ્ણ વર્મા
"
1782,"મોહમ્મદ અઝહરુદ્દીન
"
1783,"મોહનદાસ કરમચંદ ગાંધી
"
1784,"કરીશ્મા મોદી
"
1785,"જૉની વોકર
"
1786,"હોમી વાડિયા
"
1787,"અમીશા પટેલ
"
1788,"અંશુમન ગાયક્વાડ
"
1789,"ગાયત્રી જોશી
"
1790,"ફિરોઝ નડિયાદવાલા
"
1791,"પ્રસૂન દેસાઈ
"
1792,"નિમિશા વોખરિયા
"
1793,"સઈદ અનવર
"
1794,"મનુભાઈ પંચોલી
"
1795,"મુકેશ ભટ્ટ
"
1796,"ઇમરાન હાશ્મી
"
1797,"ઇન્દુલાલ ગાંધી
"
1798,"દીપક તિજોરી
"
1799,"જય વસાવડા
"
1800,"રાજદીપ સરદેસાઈ
"
1801,"પ્રસૂન જોશી
"
1802,"નર્મદાશંકર દવે
"
1803,"પ્રેમાનંદ
"
1804,"રઘુવીર ચૌધરી
"
1805,"જૉર્જ બુશ
"
1806,"મનુભાઈ પંચોલી
"
1807,"હરિલાલ ઉપાધ્યાય
"
1808,"પ્રતિભા પાટિલ
"
1809,"વિનોદ જોશી
"
1810,"કૃષ્ણમ રાજુ
"
1811,"મંસૂર અખ્તર
"
1812,"ફારૂખ શેખ
"
1813,"સિરાજ બહુતુલે
"
1814,"સદગોપન રમેશ
"
1815,"જયંતિ પટેલ
"
1816,"ટોની બ્લેર
"
1817,"કવિ કલાપિ
"
1818,"નિમિશા વોખરિયા
"
1819,"અરુણા ઇરાની
"
1820,"સંધ્યા રાની મૃદુલ
"
1821,"અબે કુરુવિલા
"
1822,"બલીરામ ભગત
"
1823,"ગિરિજા પ્રસાદ કોઇરાલા
"
1824,"નિલિમા શેખ
"
1825,"હસમુખભાઈ પારેખ
"
1826,"પ્રાચી શાહ
"
1827,"વિવિયન રિચર્ડ્સ
"
1828,"પ્રિયા બદલાની
"
1829,"ઝુબેદા
"
1830,"જ્યોતિન્દ્ર દવે
"
1831,"રાજેન્દ્ર ગઢવી
"
1832,"નવજોત સિંઘ સિદ્ધૂ
"
1833,"એડમ પરોરે
"
1834,"કિરણ મોરે
"
1835,"ગુણવંતરાય આચાર્ય
"
1836,"સંજીદા શેખ
"
1837,"સાયલી ભગત
"
1838,"સચ્ચિદાનંદ હીરાનંદ વાત્સ્યાયન
"
1839,"બાલિ બ્રહ્મભટ્ટ
"
1840,"અમર ઉપાધ્યાય
"
1841,"હરભજન સિંઘ
"
1842,"નિકિતા શાહ
"
1843,"રાજીવ ગાંધી
"
1844,"સરદાર હુકમ સિંઘ
"
1845,"નીલેશ નાડકર્ણી
"
1846,"દીપિકા પાદુકોણ
"
1847,"હરધનહલ્લી ડી. દેવગૌડા
"
1848,"નર્મદાશંકર દવે
"
1849,"સદગોપન રમેશ
"
1850,"વસીમ અક્રમ
"
1851,"અંશુમન ગાયકવાડ
"
1852,"ત્રિભુવન બીર બિક્રમ શાહ
"
1853,"વિષ્ણુ સખારામ ખાન્ડેકર
"
1854,"રવિશંકર રાવળ
"
1855,"યુસુફ પઠાણ
"
1856,"અબ્દુલ કરીમ તેલગી
"
1857,"રોનાલ્ડ રેગન
"
1858,"ફારૂક એન્જિનિયર
"
1859,"જિમી મિસ્ત્રી
"
1860,"ક્રિષ્ણલાલ શ્રીધરાણી
"
1861,"નિખિલ ચોપરા
"
1862,"ચુનીલાલ આશારામ ભાવસાર
"
1863,"નયન મોંગિયા
"
1864,"રોહન ગાવસ્કર
"
1865,"સલીલ અંકોલા
"
1866,"વીર સંઘવી
"
1867,"વેંકટપતિ રાજૂ
"
1868,"દેવાશિશ મોહન્તિ
"
1869,"હસમુખ બારાડી
"
1870,"વિનૂ માંકડ
"
1871,"વિનોદ જોશી
"
1872,"કોટા શ્રીનિવાસ રાવ કોઉન્ડમણી
"
1873,"ફાલ્ગુની પાઠક
"
1874,"સ્વામી દયાનંદ
"
1875,"પ્રતિભા પાટિલ
"
1876,"બલ્વિન્દર સંધૂ
"
1877,"સ્ટીવ વૉગ
"
1878,"નીલમ કોઠારી
"
1879,"રાહુલ દ્રવિડ
"
1880,"નાઝનીન પટેલ
"
1881,"તસનીમ મહેતા
"
1882,"જય વસાવડા
"
1883,"માર્કન્ડ ભટ્ટ
"
1884,"તનાઝ કરિમ
"
1885,"ઇન્દર કુમાર ગુજરાલ
"
1886,"સુમિત્રા નન્દન પન્ત
"
1887,"યુસુફ પઠાણ
"
1888,"એલિઝાબેથ
"
1889,"અજય દેવગન
"
1890,"સૂર્યકાન્ત ત્રિપાઠી નિરાલા
"
1891,"રોહન ગાવસ્કર
"
1892,"પૂર્વી જોશી
"
1893,"આનંદજી વીરજી
"
1894,"શેખ મુજીબુર રહેમાન
"
1895,"ઝાકિર હુસૈન
"
1896,"એડમ પરોરે
"
1897,"મનુ પારેખ
"
1898,"કસ્તુરભાઈ લાલભાઈ
"
1899,"જૉર્જ બુશ
"
1900,"મુકેશ અંબાણી
"
1901,"ઉપેન પટેલ
"
1902,"ચુનીલાલ આશારામ ભાવસાર
"
1903,"સુભાષચંદ્ર બોસ
"
1904,"પ્રહલાદ બ્રહ્મભટ્ટ
"
1905,"અજય દેવગન
"
1906,"સલીલ અંકોલા
"
1907,"કરણ બિલિમોરીયા
"
1908,"કંગના રનાવત
"
1909,"સિદ્ધાર્થ રાંદેરિયા
"
1910,"સાહિબઝાદા ફારુખ અલી
"
1911,"કે. કરૂણાનિધિ
"
1912,"ઇન્ઝામામ-ઉલ-હક
"
1913,"ધર્મેશ વ્યાસ
"
1914,"પ્રેમ ચોપ્રા
"
1915,"ઐશ્વર્યા રાય
"
1916,"શિવરાજ પાટિલ
"
1917,"ચંકી પાન્ડે
"
1918,"વિઠ્ઠલભાઈ પટેલ
"
1919,"એમ.એફ. હુસેન
"
1920,"જૉર્જ બુશ
"
1921,"એ. એલ. કાલીચરણ
"
1922,"વિઠ્ઠલભાઈ પટેલ
"
1923,"ઉપેન પટેલ
"
1924,"પ્રાણજીવન પાઠક
"
1925,"યશ્વિ પટેલ
"
1926,"જૅક કોલિસ
"
1927,"સૂર્ય બહાદુર થાપા
"
1928,"અર્વિંદ ત્રિવેદી
"
1929,"નિખિલ ચોપરા
"
1930,"ચિરંજીવી
"
1931,"જૉની વોકર
"
1932,"ઉર્વશી ધોળકિયા
"
1933,"જયંતિ દલાલ
"
1934,"જ્યોતિન્દ્ર દવે
"
1935,"ગેરી કર્સ્ટન
"
1936,"શેખર રવજિઆની
"
1937,"સલીમ મલિક
"
1938,"શાહિદ અફ્રીદી
"
1939,"કરીશ્મા મોદી
"
1940,"હિમેશ રેશમિયા
"
1941,"મહાદેવ દેસાઈ
"
1942,"જયશંકર સુંદરી
"
1943,"વસુંધરા રાજે સિંધિયા
"
1944,"કરણ પટેલ
"
1945,"હરભજન સિંઘ
"
1946,"મોહસિન ખાન
"
1947,"મનોજ કુમાર
"
1948,"નરેશ કનોડિયા
"
1949,"વકાર યૂનુસ
"
1950,"મૌલી દવે
"
1951,"હસમુખ બારાડી
"
1952,"મનમોહન દેસાઈ
"
1953,"સત્યજીત રે
"
1954,"જૉર્જ ફર્નાંડિસ
"
1955,"જૉની વોકર
"
1956,"વસુંધરા રાજે સિંધિયા
"
1957,"ઝિયા-ઉલ-હક
"
1958,"રાની મુખર્જી
"
1959,"અનસુયા સુતરિયા
"
1960,"ગુરદયાલ સિંઘ ધિલ્લોન
"
1961,"સંજય લીલા ભણસાલી
"
1962,"કનૈયાલાલ મુન્શી
"
1963,"રાજેન્દ્ર પ્રસદ
"
1964,"ડૉન બ્રેડમેન
"
1965,"ઉર્વશી ધોળકિયા
"
1966,"નીલમ સંજીવ રેડ્ડી
"
1967,"બ્રિન્દા પારેખ
"
1968,"અમરીશ પુરી
"
1969,"ઇમરાન હાશ્મી
"
1970,"જંતી મોહન ચન્દ્ર બાલયોગી
"
1971,"કાકાસાહેબ કાલેલકર
"
1972,"પ્રસૂન જોશી
"
1973,"ગણેશ વાસુદેવ માવલંકર
"
1974,"આર. ડબલ્યૂ. એંડરસન
"
1975,"ફિરોઝ ભગત
"
1976,"કરિશ્મા કપૂર
"
1977,"રમેશ રાઘવ
"
1978,"મમૂતી
"
1979,"અલકા યાગ્નિક
"
1980,"કસ્તુરભાઈ લાલભાઈ
"
1981,"પ્રિયંકા વધેરા
"
1982,"વિધુ વિનોદ ચોપરા
"
1983,"રિચર્ડ હેડલી
"
1984,"કિરણ મોરે
"
1985,"દાનિશ કનેરિયા
"
1986,"કાલુવિથર્ના
"
1987,"નલિની મહેતા
"
1988,"રાજદીપ સરદેસાઈ
"
1989,"પંડિત શિવ કુમાર શર્મા
"
1990,"દીપિકા ચિખલિયા
"
1991,"ક્રિષ્ણા ગોકાણી
"
1992,"જૉની લીવર
"
1993,"અતુલ ડોડિયા
"
1994,"કાર્લ હુપર
"
1995,"એડમ પરોરે
"
1996,"આશા પારેખ
"
1997,"ગુણવંતરાય આચાર્ય
"
1998,"અમર ઉપાધ્યાય
"
1999,"ઉર્વશી ધોળકિયા
"
2000,"રણજીતરામ મહેતા
"
2001,"નગેશ્વર નારાયણ રાવ
"
2002,"ઐશ્વર્યા રાય
"
2003,"મણીભાઈ દેસાઈ
"
2004,"દાસરી નારાયણ રાવ
"
2005,"નર્મદ
"
2006,"કલ્પેન મોદી
"
2007,"હેમચંદ્ર
"
2008,"માર્કન્ડ ભટ્ટ
"
2009,"હરભજન સિંઘ
"
2010,"મોરારજી દેસાઈ
"
2011,"પાયલ રહતોગિ
"
2012,"અટલ બિહારી વાજપેયી
"
2013,"દલપતરામ
"
2014,"નર્મદ
"
2015,"ગિરિજા પ્રસાદ કોઇરાલા
"
2016,"ફિરોઝ ઇરાની
"
2017,"માર્ક બાઉચર
"
2018,"અલકા યાગ્નિક
"
2019,"લતેશ શાહ
"
2020,"કૃષ્ણ પ્રસાદ ભટ્ટરાય
"
2021,"અનંગ દેસાઇ
"
2022,"ઇરફાન પઠાણ
"
2023,"પરેશ ગણાત્રા
"
2024,"વિધુ વિનોદ ચોપરા
"
2025,"ઝુલ્ફિકાર અલી ભુટ્ટો
"
2026,"પ્રાણજીવન પાઠક
"
2027,"નિહારી જોશી
"
2028,"ગુલામ મોહમ્મદ શેખ
"
2029,"અબે કુરુવિલા
"
2030,"ઇમરાન હાશ્મી
"
2031,"શરદ બાબૂ
"
2032,"જગમોહન દાલમિયા
"
2033,"માનવ ગોહિલ
"
2034,"વિજયા મહેતા
"
2035,"ડિમ્પલ કાપડિયા
"
2036,"રોમા માણેક
"
2037,"વેંકૈયા નાયડૂ
"
2038,"મનોજ કુમાર
"
2039,"ફિરોઝ ઇરાની
"
2040,"અઝિમ પ્રેમજી
"
2041,"અભિનવ બિન્દ્રા
"
2042,"રિકી પોન્ટિંગ
"
2043,"ઝાકિર હુસૈન
"
2044,"ખ્વાઝા મોઈનુદ્દિન ચિસ્તિ
"
2045,"જય વસાવડા
"
2046,"સ્વામી દયાનંદ
"
2047,"વિનોદ જોશી
"
2048,"દીપક ઘીવાલા
"
2049,"મમૂતી
"
2050,"ગણેશ વાસુદેવ માવલંકર
"
2051,"અમર ઉપાધ્યાય
"
2052,"અર્જુન સિંઘ
"
2053,"ઉપેન્દ્ર ત્રિવેદી
"
2054,"ગુલ્શન ગ્રોવર
"
2055,"સચિન તેંડુલકર
"
2056,"સુનીલ દત્ત
"
2057,"બિશન સિંઘ બેદી
"
2058,"પરમસુખ પંડ્યા
"
2059,"મરવન અટ્ટાપટ્ટૂ
"
2060,"આઈ પી ગૌતમ
"
2061,"નમીતા વનકાવાલા
"
2062,"હસમુખ બારાડી
"
2063,"આકાશ ગુજરાતી
"
2064,"દલેર મેંહદી
"
2065,"ઝાકિર હુસૈન
"
2066,"નાના પાટેકર
"
2067,"બસપ્પા ડનપ્પા જત્તી
"
2068,"જૅક કોલિસ
"
2069,"નર્મદ
"
2070,"જૅકી ચેન
"
2071,"ક્રિષ્ણલાલ શ્રીધરાણી
"
2072,"સાહિબઝાદા ફારુખ અલી
"
2073,"જંતી મોહન ચન્દ્ર બાલયોગી
"
2074,"હર્શેલ ગિબ્સ
"
2075,"ધનંજય ઠાકર
"
2076,"શિવકુમાર જોશી
"
2077,"શીતલ શેઠ
"
2078,"ઝાકિર હુસૈન
"
2079,"સુનીલ દત્ત
"
2080,"શરદ બાબૂ
"
2081,"વિષ્ણુ વર્ધન
"
2082,"માર્કન્ડ ભટ્ટ
"
2083,"પ્રાચી શાહ
"
2084,"કુમાર ગૌરવ
"
2085,"આન્દ્રે અગાસી
"
2086,"સુનીધિ ચૌહાન
"
2087,"આર્થર કોલવેલ
"
2088,"શત્રુઘ્ન સિંહા
"
2089,"નાઝનીન પટેલ
"
2090,"સ્ટીવ વૉગ
"
2091,"ઇન્દર કુમાર ગુજરાલ
"
2092,"મુરલી મનોહર જોશી
"
2093,"દેવાંગ પટેલ
"
2094,"સઆદત અલી મન્ટો
"
2095,"સર્વપલ્લી રાધાકૃષ્ણન
"
2096,"વિનોદ જોશી
"
2097,"ઝાકિર હુસૈન
"
2098,"રણજીતરામ મહેતા
"
2099,"જ્યોતિ વૈદ્ય
"
2100,"સામ પિત્રોડા
"
2101,"રમીઝ રાજા
"
2102,"ગુરદયાલ સિંઘ ધિલ્લોન
"
2103,"ચંદ્રકાંત બક્ષી
"
2104,"રૉબિન સિંઘ
"
2105,"કાલુવિથર્ના
"
2106,"ગૌતમ અડાણી
"
2107,"સંજય ગઢવી
"
2108,"પાર્થિવ પટેલ
"
2109,"કે. કરૂણાનિધિ
"
2110,"સુજાતા મહેતા
"
2111,"આશા પારેખ
"
2112,"દીપિકા ચિખલિયા
"
2113,"જ્યોતિ વૈદ્ય
"
2114,"સર્વપલ્લી રાધાકૃષ્ણન
"
2115,"એડમ પરોરે
"
2116,"અરુણા ઇરાની
"
2117,"એમ.એફ. હુસેન
"
2118,"ઉર્વશી ધોળકિયા
"
2119,"હરીશ ભિમાણી
"
2120,"વિષ્ણુ સખારામ ખાન્ડેકર
"
2121,"બ્રૂસ લી
"
2122,"દીપિકા ચિખલિયા
"
2123,"જૅકી ચેન
"
2124,"આલોક નાથ
"
2125,"માનવ ગોહિલ
"
2126,"સુનીલ ગાવસ્કર
"
2127,"શેખ મુજીબુર રહેમાન
"
2128,"પ્રહલાદ બ્રહ્મભટ્ટ
"
2129,"પર્સિસ ખંભાતા
"
2130,"ઇન્દુલાલ ગાંધી
"
2131,"શ્રુતિ શેઠ
"
2132,"મહેંદ્ર જોશી
"
2133,"ક્રિષ્ણલાલ શ્રીધરાણી
"
2134,"નગેશ્વર નારાયણ રાવ
"
2135,"રાજીવ ગાંધી
"
2136,"જૉર્જ બુશ
"
2137,"ખ્વાઝા મોઈનુદ્દિન ચિસ્તિ
"
2138,"દલેર મેંહદી
"
2139,"શંકર દયાલ શર્મા
"
2140,"હ્રિશીતા ભટ્ટ
"
2141,"વેંકટપતિ રાજૂ
"
2142,"ગ્રેગ ચેપેલ
"
2143,"સૌરવ ગંગુલી
"
2144,"આશ્કા ગોરડિયા
"
2145,"જિમી મિસ્ત્રી
"
2146,"અનિલ કુમ્બલે
"
2147,"ચિનુ મોદી
"
2148,"રામ ગોપાલ વર્મા
"
2149,"વિક્રમ સારાભાઈ
"
2150,"નલિની મહેતા
"
2151,"ટીના પારેખ
"
2152,"ફારૂખ શેખ
"
2153,"મહેંદ્ર જોશી
"
2154,"અમર ઉપાધ્યાય
"
2155,"હજારી પ્રસાદ દ્વિવેદી
"
2156,"કિરણ મોરે
"
2157,"આલોક નાથ
"
2158,"અક્ષય ખન્ના
"
2159,"ધર્મેશ વ્યાસ
"
2160,"ડૉન બ્રેડમેન
"
2161,"ગોવિન્દા
"
2162,"કે. શ્રીકાન્ત
"
2163,"સુનીધિ ચૌહાન
"
2164,"બોમન ઇરાની
"
2165,"અમિતાભ બચ્ચન
"
2166,"રણધીર કપૂર
"
2167,"મોહમ્મદ અલી જિન્નાહ
"
2168,"કે. કરૂણાનિધિ
"
2169,"બોમન ઇરાની
"
2170,"કાકાસાહેબ કાલેલકર
"
2171,"ટિકૂ તલસાણિયા
"
2172,"પરમસુખ પંડ્યા
"
2173,"હેમચંદ્ર
"
2174,"વિનૂ માંકડ
"
2175,"કલ્યાણજી વીરજી શાહ
"
2176,"સચ્ચિદાનંદ હીરાનંદ વાત્સ્યાયન
"
2177,"દુર્ગેશ શુકલા
"
2178,"અજીત આગરકર
"
2179,"ઇન્દર કુમાર ગુજરાલ
"
2180,"અમિતાભ બચ્ચન
"
2181,"સઆદત અલી
"
2182,"અટલ બિહારી વાજપેયી
"
2183,"આલેક મહેતા
"
2184,"આઘા મોહમ્મદ યાહ્યા ખાન
"
2185,"અર્જુન સિંઘ
"
2186,"ગગન ખોડા
"
2187,"ધનસુખલાલ મહેતા
"
2188,"અભિનવ બિન્દ્રા
"
2189,"અરુણા ઇરાની
"
2190,"કિશોર કુમાર
"
2191,"અઝિમ પ્રેમજી
"
2192,"દલપતરામ
"
2193,"રઘુવીર ચૌધરી
"
2194,"બૉબી દેઓલ
"
2195,"ઝુલ્ફિકાર અલી ભુટ્ટો
"
2196,"દિવાળીબેન ભીલ
"
2197,"બટુભાઈ ઉમરવાડિયા
"
2198,"કમલ હસન
"
2199,"ફખરુદ્દિન અલી અહેમદ
"
2200,"ટીના મુનિમ
"
2201,"દાનિશ કનેરિયા
"
2202,"એમ.જી. રામચંદ્રન
"
2203,"મલ્લિકા શેરાવત
"
2204,"હસમુખભાઈ પારેખ
"
2205,"અનિલ કુમ્બલે
"
2206,"હસમુખભાઈ પારેખ
"
2207,"ગ્રાહમ ગૂચ
"
2208,"આલ્બર્ટ ગિલક્રિસ્ટ
"
2209,"હિમેશ રેશમિયા
"
2210,"અરવિંદ ડીસિલ્વા
"
2211,"શાહરુખ ખાન
"
2212,"કસ્તુરભાઈ લાલભાઈ
"
2213,"રત્ના પાઠક
"
2214,"એ.પી.જે. અબ્દુલ કલામ
"
2215,"કૃતિકા દેસાઈ
"
2216,"કલ્પેન મોદી
"
2217,"પૂજા ભટ્ટ
"
2218,"શમ્મી કપૂર
"
2219,"સૂર્યકાન્ત ત્રિપાઠી નિરાલા
"
2220,"મોહમ્મદ અઝહરુદ્દીન
"
2221,"રોહન ગાવસ્કર
"
2222,"ઉદિત નારાયણ
"
2223,"બૉબી દેઓલ
"
2224,"આર્થર કોલવેલ
"
2225,"લતા મંગેશકર
"
2226,"હસમુખભાઈ પારેખ
"
2227,"મનહર ઊધાસ
"
2228,"તુલસી ગિરિ
"
2229,"પ્રાચી દેસાઈ
"
2230,"આમિર સોહેલ ખાન
"
2231,"ટીનુ આનંદ
"
2232,"એમ.એફ. હુસેન
"
2233,"વી.વી. એસ. લક્ષ્મણ
"
2234,"સરિતા જોશી
"
2235,"હરિ પુંજા
"
2236,"સુનીલ દત્ત
"
2237,"એ. આર. રેહમાન
"
2238,"નરેશ કનોડિયા
"
2239,"કપિલ દેવ
"
2240,"ભાસ્કર વોરા
"
2241,"ગણેશ વાસુદેવ માવલંકર
"
2242,"મોરારજી દેસાઈ
"
2243,"ગણેશ વાસુદેવ માવલંકર
"
2244,"મનીષા કનોજિયા
"
2245,"અમજદ ખાન
"
2246,"મેઘનાદ દેસાઈ
"
2247,"વેંકટપતિ રાજૂ
"
2248,"સીતારામ યેચુરી
"
2249,"ગુલામ ઇશાક ખાન
"
2250,"રાજેશ ખન્ના
"
2251,"કોટા શ્રીનિવાસ રાવ કોઉન્ડમણી
"
2252,"જયા બચ્ચન
"
2253,"હ્રિશીતા ભટ્ટ
"
2254,"ગુલામ મોહમ્મદ શેખ
"
2255,"અમર ઉપાધ્યાય
"
2256,"રતન ટાટા
"
2257,"ઇમરાન હાશ્મી
"
2258,"સર્વેશ્વર દયાલ સક્સેના
"
2259,"સુચિતા ત્રિવેદી
"
2260,"એન્ડી ફ્લાવર
"
2261,"જૉર્જ બુશ
"
2262,"માર્કન્ડ ભટ્ટ
"
2263,"રઘુવીર ચૌધરી
"
2264,"અક્રમ ખાન
"
2265,"પ્રાણજીવન પાઠક
"
2266,"બોમન ઇરાની
"
2267,"અશ્મિત પટેલ
"
2268,"કરણ પટેલ
"
2269,"કબીર બેદી
"
2270,"એડમ પરોરે
"
2271,"અલકા યાગ્નિક
"
2272,"મિથુન ચક્રવર્તી
"
2273,"સોનુ નિગમ
"
2274,"જીતેન્દ્ર જટાશંકર રાવલ
"
2275,"નરેશ કનોડિયા
"
2276,"મનુભાઈ પંચોલી
"
2277,"જયંતિ દલાલ
"
2278,"આલ્બર્ટ અલગોર
"
2279,"મુકેશ રાવલ
"
2280,"અબ્દુલ કાદિર
"
2281,"સની દેઓલ
"
2282,"દીપક તિજોરી
"
2283,"ખ્વાઝા મોઈનુદ્દિન ચિસ્તિ
"
2284,"માર્કન્ડ ભટ્ટ
"
2285,"અમર ઉપાધ્યાય
"
2286,"અતુલ ડોડિયા
"
2287,"હર્શેલ ગિબ્સ
"
2288,"આનંદજી વીરજી
"
2289,"મહેંદ્ર જોશી
"
2290,"દીપિકા પાદુકોણ
"
2291,"મમૂતી
"
2292,"હરભજન સિંઘ
"
2293,"જ્યોતિ વૈદ્ય
"
2294,"મુકેશ રાવલ
"
2295,"જયંતિ દલાલ
"
2296,"બૉબી દેઓલ
"
2297,"પિયા ત્રિવેદી
"
2298,"રાજેન્દ્ર શુક્લ
"
2299,"સિદ્દાવનાલી નિજાલિંગપ્પા
"
2300,"આરુશી અગ્રવાલ
"
2301,"હરભજન સિંઘ
"
2302,"સરફરાઝ નવાઝ
"
2303,"વસીમ અક્રમ
"
2304,"દિવ્યાંક ત્રિપાઠી
"
2305,"પુરુશોત્તમ દાસ ટંડન
"
2306,"બિશન સિંઘ બેદી
"
2307,"સુપ્રિયા પાઠક
"
2308,"સની દેઓલ
"
2309,"જયા બચ્ચન
"
2310,"મોહિંદર અમરનાથ
"
2311,"અક્રમ ખાન
"
2312,"શરમન જોશી
"
2313,"સ્વરૂપ સંપત
"
2314,"બિશેશ્વર પ્રસાદ કોઇરાલા
"
2315,"ફખરુદ્દિન અલી અહેમદ
"
2316,"ગિરિશ કર્નાડ
"
2317,"પરવેઝ મુશર્રફ
"
2318,"માનવ ગોહિલ
"
2319,"રાહુલ દ્રવિડ
"
2320,"અર્વિંદ ત્રિવેદી
"
2321,"અલકા યાગ્નિક
"
2322,"ઇલયારાજા
"
2323,"બસપ્પા ડનપ્પા જત્તી
"
2324,"નિકિતા શાહ
"
2325,"ગિરિજા પ્રસાદ કોઇરાલા
"
2326,"ચંકી પાન્ડે
"
2327,"રાજેશ ખન્ના
"
2328,"યશવંત પંડ્યા
"
2329,"નવજોત સિંઘ સિદ્ધૂ
"
2330,"જૉન્ટી રોડ્સ
"
2331,"આલેક મહેતા
"
2332,"અંશુમન ગાયકવાડ
"
2333,"ગુલ્શન ગ્રોવર
"
2334,"અક્રમ ખાન
"
2335,"ગ્યાનેન્દ્રબીર બિક્રમ સિંઘ
"
2336,"મહેશ ભટ્ટ
"
2337,"કબીર બેદી
"
2338,"અબ્દુલ કાદિર
"
2339,"સૈફ અલી ખાન
"
2340,"ચુનીલાલ આશારામ ભાવસાર
"
2341,"મણીભાઈ દેસાઈ
"
2342,"કંગના રનાવત
"
2343,"ટીનુ આનંદ
"
2344,"રોનાલ્ડ રેગન
"
2345,"એ. એલ. કાલીચરણ
"
2346,"નર્મદાશંકર દવે
"
2347,"યૂસુફ યોહાના
"
2348,"આલેક મહેતા
"
2349,"બાલિ બ્રહ્મભટ્ટ
"
2350,"સરિતા જોશી
"
2351,"રાહુલ ગાંધી
"
2352,"આલ્બર્ટ ગિલક્રિસ્ટ
"
2353,"કાર્લ હુપર
"
2354,"બ્રિન્દા પારેખ
"
2355,"એન્ડી ફ્લાવર
"
2356,"નરેશ કનોડિયા
"
2357,"શરમન જોશી
"
2358,"પંડિત શિવ કુમાર શર્મા
"
2359,"એ. એલ. કાલીચરણ
"
2360,"કે. કરૂણાનિધિ
"
2361,"સત્યજીત રે
"
2362,"દિવ્યાંક ત્રિપાઠી
"
2363,"આમિર સોહેલ ખાન
"
2364,"સ્વામી દયાનંદ
"
2365,"પટ્ટાભી સીતારમૈયા
"
2366,"મુરલી મનોહર જોશી
"
2367,"એલિઝાબેથ
"
2368,"રિચર્ડ હેડલી
"
2369,"સુનીધિ ચૌહાન
"
2370,"મનિન્દર સિંઘ
"
2371,"શરમન જોશી
"
2372,"કિશોર કુમાર
"
2373,"કૃષ્ણમ રાજુ
"
2374,"રામ ગોપાલ વર્મા
"
2375,"દીપક તિજોરી
"
2376,"મનોહર જોશી
"
2377,"હેમચંદ્ર
"
2378,"પ્રસૂન જોશી
"
2379,"સર્વપલ્લી રાધાકૃષ્ણન
"
2380,"અભિષેક બચ્ચન
"
2381,"મનમોહન સિંઘ
"
2382,"ચાર્લી ચેપ્લિન
"
2383,"કુમાર ગૌરવ
"
2384,"લાલ કૃષ્ણ અડવાણી
"
2385,"સરદાર વલ્લભભાઈ પટેલ
"
2386,"દાનિશ કનેરિયા
"
2387,"સૂર્ય બહાદુર થાપા
"
2388,"ઝાકિર હુસૈન
"
2389,"મલ્લિકાર્જુન મન્સૂર
"
2390,"શત્રુઘ્ન સિંહા
"
2391,"શિવકુમાર જોશી
"
2392,"એમ.એફ. હુસેન
"
2393,"ફિરોઝ નડિયાદવાલા
"
2394,"મુરલી મનોહર જોશી
"
2395,"માર્કન્ડ ભટ્ટ
"
2396,"શાહિદ અફ્રીદી
"
2397,"બિશેશ્વર પ્રસાદ કોઇરાલા
"
2398,"યશવંત પંડ્યા
"
2399,"બેન કિંગ્સલી
"
2400,"સનથ જયસૂર્યા
"
2401,"એન.ટી. રામારાવ
"
2402,"અંશુમન ગાયક્વાડ
"
2403,"પુરુશોત્તમ દાસ ટંડન
"
2404,"મુકેશ ભટ્ટ
"
2405,"રણજીતરામ મહેતા
"
2406,"ફારૂખ શેખ
"
2407,"ફિરોઝ ઇરાની
"
2408,"અભિષેક બચ્ચન
"
2409,"યુસુફ પઠાણ
"
2410,"અંબાલાલ સારાભાઈ
"
2411,"ગિરિજા પ્રસાદ કોઇરાલા
"
2412,"સલીમ ઝાફર
"
2413,"જસુ પટેલ
"
2414,"અબે કુરુવિલા
"
2415,"દિવ્યાંક ત્રિપાઠી
"
2416,"દલેર મેંહદી
"
2417,"બ્રાયન લારા
"
2418,"કરણ બિલિમોરીયા
"
2419,"ઇન્દુલાલ ગાંધી
"
2420,"પરીતા પારેખ
"
2421,"હોમી વાડિયા
"
2422,"યૂસુફ યોહાના
"
2423,"વિનૂ માંકડ
"
2424,"રવિ શાસ્ત્રી
"
2425,"મલ્લિકાર્જુન મન્સૂર
"
2426,"પ્રભુ દેવા
"
2427,"રમેશ રાઘવ
"
2428,"સુજાતા મહેતા
"
2429,"લાલ બહાદુર શાસ્ત્રી
"
2430,"માર્કન્ડ ભટ્ટ
"
2431,"શ્રીકાંત
"
2432,"કર્સન ઘાવરી
"
2433,"ઉપેન પટેલ
"
2434,"ત્રિભુવન બીર બિક્રમ શાહ
"
2435,"જૅક કોલિસ
"
2436,"સોનિયા ગાંધી
"
2437,"ભૈરો સિંઘ શેખાવત
"
2438,"સરદાર હુકમ સિંઘ
"
2439,"વકાર યૂનુસ
"
2440,"કમલેશ ઓઝા
"
2441,"યશવંત પંડ્યા
"
2442,"હસન રઝા
"
2443,"એલન ડોનાલ્ડ
"
2444,"આશા પારેખ
"
2445,"કબીર બેદી
"
2446,"મત્રિક્દ પ્રસાદ કોઇરાલા
"
2447,"રવિશંકર રાવળ
"
2448,"ત્રિભુવન બીર બિક્રમ શાહ
"
2449,"આર્થર કોલવેલ
"
2450,"પિયા ત્રિવેદી
"
2451,"મણીભાઈ દેસાઈ
"
2452,"પ્રાચી દેસાઈ
"
2453,"નવાઝ શરીફ
"
2454,"આઇકિદો ફુજિયામા
"
2455,"આલોક નાથ
"
2456,"દાસરી નારાયણ રાવ
"
2457,"જયા બચ્ચન
"
2458,"વસુંધરા રાજે સિંધિયા
"
2459,"સુપ્રિયા પાઠક
"
2460,"મેઘનાદ દેસાઈ
"
2461,"રાજ ભાવસાર
"
2462,"મેઘનાદ દેસાઈ
"
2463,"ભીખુ પારેખ
"
2464,"નલિનિકાંત નવીન
"
2465,"સુહાસી ગોરડિયા
"
2466,"અનસુયા સુતરિયા
"
2467,"મહાદેવ દેસાઈ
"
2468,"ઇમરાન હાશ્મી
"
2469,"સમીર ખખ્ખર
"
2470,"અનિલ અંબાણી
"
2471,"દિલિપ કુમાર
"
2472,"ચંદ્રકાંત બક્ષી
"
2473,"ગુરદયાલ સિંઘ ધિલ્લોન
"
2474,"મનુભાઈ પંચોલી
"
2475,"હરિ પુંજા
"
2476,"વીર સંઘવી
"
2477,"હસન રઝા
"
2478,"સુર્જીત સિંઘ બરનાલા
"
2479,"શોએબ અખ્તર
"
2480,"સ્વરૂપ સંપત
"
2481,"રાજીવ મહેતા
"
2482,"અતુલ ડોડિયા
"
2483,"રવિ શાસ્ત્રી
"
2484,"કેતન મહેતા
"
2485,"ડૉન બ્રેડમેન
"
2486,"કલ્યાણજી વીરજી શાહ
"
2487,"અનિલ કુમ્બલે
"
2488,"અનિલ કુમ્બલે
"
2489,"દીના પાઠક
"
2490,"શોએબ અખ્તર
"
2491,"તુલસી તંતી
"
2492,"દેવેન ભોજાણી
"
2493,"જ્યોતિ વૈદ્ય
"
2494,"ગુલામ ઇશાક ખાન
"
2495,"શેખર કપૂર
"
2496,"લીઓનાર્ડો ડી કેપ્રિયો
"
2497,"આશિષ આનંદ કપૂર
"
2498,"રજનીકાન્ત
"
2499,"શિવકુમાર જોશી
"
2500,"સરફરાઝ નવાઝ
"
2501,"સ્વરૂપ સંપત
"
2502,"વિશ્વનાથ પ્રતાપ સિંઘ
"
2503,"નિલિમા શેખ
"
2504,"કબીર બેદી
"
2505,"હોમી વાડિયા
"
2506,"મણીભાઈ દેસાઈ
"
2507,"ક્રિષ્ણા ગોકાણી
"
2508,"ગણેશ વાસુદેવ માવલંકર
"
2509,"ઋશિ કપૂર
"
2510,"ઈશા શરવાની
"
2511,"ધર્મેશ વ્યાસ
"
2512,"સદગોપન રમેશ
"
2513,"નાના પાટેકર
"
2514,"નિલિમા શેખ
"
2515,"સર્વપલ્લી રાધાકૃષ્ણન
"
2516,"કેતન મહેતા
"
2517,"હજારી પ્રસાદ દ્વિવેદી
"
2518,"ધર્મેશ વ્યાસ
"
2519,"અનિલ કુમ્બલે
"
2520,"બાલિ બ્રહ્મભટ્ટ
"
2521,"કાર્લ હુપર
"
2522,"પ્રિયા બદલાની
"
2523,"રાની મુખર્જી
"
2524,"ક્લાઇવ લૉઈડ
"
2525,"મનોજ કુમાર
"
2526,"કિરણ મોરે
"
2527,"મોહમ્મદ અઝહરુદ્દીન
"
2528,"અમરીશ પુરી
"
2529,"રોનાલ્ડ રેગન
"
2530,"સિદ્ધાર્થ રાંદેરિયા
"
2531,"મુશ્તાક અહેમદ
"
2532,"ધનસુખલાલ મહેતા
"
2533,"નરેન્દ્ર હિરવાણી
"
2534,"હ્રિશીતા ભટ્ટ
"
2535,"ઇસ્માઈલ દરબાર
"
2536,"ઇન્દુલાલ ગાંધી
"
2537,"ઇન્દિરા ગાંધી
"
2538,"અનંગ દેસાઇ
"
2539,"પરીતા પારેખ
"
2540,"શાહિદ અફ્રીદી
"
2541,"તસનીમ મહેતા
"
2542,"રાહુલ દ્રવિડ
"
2543,"ચિનુ મોદી
"
2544,"અજીત આગરકર
"
2545,"ગીત શેઠી
"
2546,"સલીમ ઝાફર
"
2547,"ક્લાઇવ લૉઈડ
"
2548,"દિવ્યાંક ત્રિપાઠી
"
2549,"સંજય લીલા ભણસાલી
"
2550,"પન્નાલાલ પટેલ
"
2551,"ઇમરાન હાશ્મી
"
2552,"હિમેશ રેશમિયા
"
2553,"કસ્તુરભાઈ લાલભાઈ
"
2554,"આઈ પી ગૌતમ
"
2555,"યશ્વિ પટેલ
"
2556,"પૂજા ભટ્ટ
"
2557,"દિવ્યાંક ત્રિપાઠી
"
2558,"માર્ક બાઉચર
"
2559,"ગ્રેગ ચેપેલ
"
2560,"બિશેશ્વર પ્રસાદ કોઇરાલા
"
2561,"સૂર્યકાન્ત ત્રિપાઠી નિરાલા
"
2562,"કબીર બેદી
"
2563,"સંજય ગઢવી
"
2564,"પ્રિયા બદલાની
"
2565,"ટીના પારેખ
"
2566,"લીઓનાર્ડો ડી કેપ્રિયો
"
2567,"ઝુલ્ફિકાર અલી ભુટ્ટો
"
2568,"અજય જાડેજા
"
2569,"સ્ટીફન ફ્લૅમિંગ
"
2570,"ઐશ્વર્યા રાય
"
2571,"બિશેશ્વર પ્રસાદ કોઇરાલા
"
2572,"જૅક કોલિસ
"
2573,"ખાલિદ મસૂદ
"
2574,"શિવકુમાર જોશી
"
2575,"નરેન્દ્ર હિરવાણી
"
2576,"પ્રેમ ચોપ્રા
"
2577,"લીઓનાર્ડો ડી કેપ્રિયો
"
2578,"દેવ આનંદ
"
2579,"કુનાલ ગાંજાવાલા
"
2580,"સ્ટીફન ફ્લૅમિંગ
"
2581,"ઝુલ્ફિકાર અલી ભુટ્ટો
"
2582,"દેવાશિશ મોહન્તિ
"
2583,"દીપક તિજોરી
"
2584,"દેવેન ભોજાણી
"
2585,"સરિતા જોશી
"
2586,"કાશ્મિરા શાહ
"
2587,"નિયતી જોશી
"
2588,"રાજ ભાવસાર
"
2589,"સચ્ચિદાનંદ હીરાનંદ વાત્સ્યાયન
"
2590,"જસુ પટેલ
"
2591,"નવજોત સિંઘ સિદ્ધૂ
"
2592,"ટીના મુનિમ
"
2593,"પરવેઝ મુશર્રફ
"
2594,"સિરાજ બહુતુલે
"
2595,"મુકેશ અંબાણી
"
2596,"લતેશ શાહ
"
2597,"ફખરુદ્દિન અલી અહેમદ
"
2598,"કવિ કલાપિ
"
2599,"અલ્લૂ રામલિંગૈયા
"
2600,"જૅકી ચેન
"
2601,"પરવેઝ મુશર્રફ
"
2602,"અમર ઉપાધ્યાય
"
2603,"નિખિલ ચોપરા
"
2604,"સંજય દત્ત
"
2605,"બલ્વિન્દર સંધૂ
"
2606,"સઆદત અલી
"
2607,"અમર ઉપાધ્યાય
"
2608,"કોટા શ્રીનિવાસ રાવ કોઉન્ડમણી
"
2609,"વિનોદ જોશી
"
2610,"જૉર્જ ફર્નાંડિસ
"
2611,"કલ્યાણજી વીરજી શાહ
"
2612,"ઈશા શરવાની
"
2613,"હરભજન સિંઘ
"
2614,"નિલિમા શેખ
"
2615,"દીપિકા ચિખલિયા
"
2616,"માઇકલ આથર્ટન
"
2617,"ગોવર્ધન પંચાલ
"
2618,"ફખરુદ્દિન અલી અહેમદ
"
2619,"લતેશ શાહ
"
2620,"ફિરોઝ નડિયાદવાલા
"
2621,"જગમોહન દાલમિયા
"
2622,"સોનિયા ગાંધી
"
2623,"પ્રેમ ચોપ્રા
"
2624,"વિવિયન રિચર્ડ્સ
"
2625,"અંશુમન ગાયક્વાડ
"
2626,"કોંકણા સેન-શર્મા
"
2627,"સુનીલ દત્ત
"
2628,"સતીશ શાહ
"
2629,"અમર ઉપાધ્યાય
"
2630,"હિમેશ રેશમિયા
"
2631,"અંશુમન ગાયક્વાડ
"
2632,"ઉર્વશી ધોળકિયા
"
2633,"પરવીન બાબી
"
2634,"રાહુલ દ્રવિડ
"
2635,"મનુ પારેખ
"
2636,"નરસિંહ મહેતા
"
2637,"કાકાસાહેબ કાલેલકર
"
2638,"ભૂપેન ખખ્ખર
"
2639,"અજય જાડેજા
"
2640,"દિલિપ કુમાર
"
2641,"વી.વી. એસ. લક્ષ્મણ
"
2642,"નાઝનીન પટેલ
"
2643,"રુચા ગુજરાતી
"
2644,"ચંકી પાન્ડે
"
2645,"નલિનિકાંત નવીન
"
2646,"રિકી પોન્ટિંગ
"
2647,"જૅકી ચેન
"
2648,"સૈફ અલી ખાન
"
2649,"સુનીધિ ચૌહાન
"
2650,"જીતેન્દ્ર જટાશંકર રાવલ
"
2651,"જશવંત ઠાકર
"
2652,"સલીલ અંકોલા
"
2653,"ઈશા શરવાની
"
2654,"સાયલી ભગત
"
2655,"અરુણા ઇરાની
"
2656,"સ્ટીવ વૉગ
"
2657,"ઋશિ કપૂર
"
2658,"નિયતી જોશી
"
2659,"નર્મદ
"
2660,"નયન મોંગિયા
"
2661,"વિનૂ માંકડ
"
2662,"બટુભાઈ ઉમરવાડિયા
"
2663,"બાલિ બ્રહ્મભટ્ટ
"
2664,"જીતેન્દ્ર જટાશંકર રાવલ
"
2665,"અબ્બાસ તૈયબજી
"
2666,"પુરુશોત્તમ દાસ ટંડન
"
2667,"કબીર બેદી
"
2668,"ઈશા શરવાની
"
2669,"અનુપમ ખેર
"
2670,"ખાલિદ મસૂદ
"
2671,"લીઓનાર્ડો ડી કેપ્રિયો
"
2672,"જીતેન્દ્ર જટાશંકર રાવલ
"
2673,"બટુભાઈ ઉમરવાડિયા
"
2674,"પી. ખસરાણી
"
2675,"કાલુવિથર્ના
"
2676,"ઈશા શરવાની
"
2677,"રાહુલ ગાંધી
"
2678,"રોહન ગાવસ્કર
"
2679,"માનવ ગોહિલ
"
2680,"જયંતિ પટેલ
"
2681,"પ્રાચી દેસાઈ
"
2682,"વરાહગિરી વેંકટગિરી
"
2683,"પિયા ત્રિવેદી
"
2684,"એન.ટી. રામારાવ
"
2685,"સચ્ચિદાનંદ હીરાનંદ વાત્સ્યાયન
"
2686,"પૂનમ જોશી
"
2687,"મુરલી મનોહર જોશી
"
2688,"અબ્બાસ તૈયબજી
"
2689,"કપિલ દેવ
"
2690,"વરાહગિરી વેંકટગિરી
"
2691,"વિનૂ માંકડ
"
2692,"ક્લાઇવ લૉઈડ
"
2693,"આલોક નાથ
"
2694,"ગુરદયાલ સિંઘ ધિલ્લોન
"
2695,"એડમ પરોરે
"
2696,"મનમોહન દેસાઈ
"
2697,"શમ્મી કપૂર
"
2698,"મલ્લિકા સારાભાઈ
"
2699,"લતેશ શાહ
"
2700,"રસિકલાલ પરીખ
"
2701,"કનૈયાલાલ મુન્શી
"
2702,"આશ્કા ગોરડિયા
"
2703,"પરવીન બાબી
"
2704,"ટ્યુલિપ જોશી
"
2705,"લાલ બહાદુર શાસ્ત્રી
"
2706,"સુર્જીત સિંઘ બરનાલા
"
2707,"ડૉન બ્રેડમેન
"
2708,"પાયલ રહતોગિ
"
2709,"ફિરોઝ નડિયાદવાલા
"
2710,"ઉપેન્દ્ર ત્રિવેદી
"
2711,"દેવકાંત બરુઆ
"
2712,"પૂર્વી જોશી
"
2713,"ઇન્દુલાલ ગાંધી
"
2714,"કલ્પેન મોદી
"
2715,"પ્રભાકરન
"
2716,"રાજેશ ખન્ના
"
2717,"બ્રિજેશ પટેલ
"
2718,"મુશ્તાક અહેમદ
"
2719,"દિલિપ વેંગસરકર
"
2720,"તસનીમ મહેતા
"
2721,"ચરણ સિંઘ
"
2722,"રાજેન્દ્ર શુક્લ
"
2723,"ટોની બ્લેર
"
2724,"બેન કિંગ્સલી
"
2725,"નિલિમા શેખ
"
2726,"સલીમ ઝાફર
"
2727,"સામ પિત્રોડા
"
2728,"પરેશ રાવલ
"
2729,"ધનંજય ઠાકર
"
2730,"હિમેશ રેશમિયા
"
2731,"પ્રાણજીવન પાઠક
"
2732,"મુથૈયા મુરલીધરન
"
2733,"કુમાર ગૌરવ
"
2734,"નરી કોન્ટ્રેક્ટર
"
2735,"લાલ બહાદુર શાસ્ત્રી
"
2736,"જ્યોતિન્દ્ર દવે
"
2737,"નીલમ કોઠારી
"
2738,"પ્રાચી શાહ
"
2739,"જૅકી શ્રૉફ
"
2740,"હરીશ ભિમાણી
"
2741,"દેવેન ભોજાણી
"
2742,"આર્થર કોલવેલ
"
2743,"શાહરુખ ખાન
"
2744,"ગિરિજા પ્રસાદ કોઇરાલા
"
2745,"કૃતિકા દેસાઈ
"
2746,"દીપક ઘીવાલા
"
2747,"માઇકલ જેક્સન
"
2748,"અખો
"
2749,"ઇયાન ચેપલ
"
2750,"યશ્વિ પટેલ
"
2751,"ગુલામ મોહમ્મદ શેખ
"
2752,"જસુ પટેલ
"
2753,"પ્રાચી શાહ
"
2754,"ઉપેન્દ્ર ત્રિવેદી
"
2755,"મોહમ્મદ અલી જિન્નાહ
"
2756,"ફારૂખ શેખ
"
2757,"સલીલ અંકોલા
"
2758,"પૂજા ભટ્ટ
"
2759,"કૃષ્ણમ રાજુ
"
2760,"સુમિત્રા નન્દન પન્ત
"
2761,"અલકા યાગ્નિક
"
2762,"ફાલ્ગુની પાઠક
"
2763,"સૌરવ ગંગુલી
"
2764,"ખ્વાઝા મોઈનુદ્દિન ચિસ્તિ
"
2765,"ગૌતમ અડાણી
"
2766,"વિધુ વિનોદ ચોપરા
"
2767,"દિલિપ વેંગસરકર
"
2768,"આયેશા તાકિયા
"
2769,"દીના પાઠક
"
2770,"પન્નાલાલ પટેલ
"
2771,"સર્વેશ્વર દયાલ સક્સેના
"
2772,"ઇલયારાજા
"
2773,"આઈ પી ગૌતમ
"
2774,"ડેવિડ બૂન
"
2775,"ઇમરાન ખાન
"
2776,"વેંકૈયા નાયડૂ
"
2777,"ચુનીલાલ આશારામ ભાવસાર
"
2778,"એન્ડી ફ્લાવર
"
2779,"ભાસ્કર વોરા
"
2780,"મંસૂર અખ્તર
"
2781,"ચંકી પાન્ડે
"
2782,"અનિલ અંબાણી
"
2783,"કૃષ્ણ પ્રસાદ ભટ્ટરાય
"
2784,"પરીતા પારેખ
"
2785,"અમર ગુપ્તા
"
2786,"મહાદેવ દેસાઈ
"
2787,"સ્વરૂપ સંપત
"
2788,"અભિનવ બિન્દ્રા
"
2789,"એલન ડોનાલ્ડ
"
2790,"રમેશ રાઘવ
"
2791,"ઈશુ પટેલ
"
2792,"વિક્રમ સારાભાઈ
"
2793,"નીલેશ નાડકર્ણી
"
2794,"સુમિત્રા નન્દન પન્ત
"
2795,"જાવેદ જાફ્રી
"
2796,"સિરાજ બહુતુલે
"
2797,"નિલિમા શેખ
"
2798,"ગોવર્ધન પંચાલ
"
2799,"આકાશ ગુજરાતી
"
2800,"આશ્કા ગોરડિયા
"
2801,"મનમોહન દેસાઈ
"
2802,"હસમુખ બારાડી
"
2803,"સનથ જયસૂર્યા
"
2804,"નીલેશ નાડકર્ણી
"
2805,"સત્યમ પટેલ
"
2806,"સંજીદા શેખ
"
2807,"જિતેન્દ્ર
"
2808,"અનંગ દેસાઇ
"
2809,"અમર ઉપાધ્યાય
"
2810,"સુનીલ ગાવસ્કર
"
2811,"રિચર્ડ હેડલી
"
2812,"વિષ્ણુ વર્ધન
"
2813,"ગ્યાનેન્દ્રબીર બિક્રમ સિંઘ
"
2814,"અમર્ત્ય કુમાર સેન
"
2815,"ઇમરાન હાશ્મી
"
2816,"ક્લાઇવ લૉઈડ
"
2817,"શિવકુમાર જોશી
"
2818,"દેવેન ભોજાણી
"
2819,"મનહર ઊધાસ
"
2820,"અઝિમ પ્રેમજી
"
2821,"પરવેઝ મુશર્રફ
"
2822,"દિલિપ વેંગસરકર
"
2823,"રાજીવ મહેતા
"
2824,"જૉની વોકર
"
2825,"શેખ મુજીબુર રહેમાન
"
2826,"સિદ્ધાર્થ રાંદેરિયા
"
2827,"હરધનહલ્લી ડી. દેવગૌડા
"
2828,"ચન્દ્રશેખર
"
2829,"ખાલિદ મસૂદ
"
2830,"તુલસી તંતી
"
2831,"અશોક કુમાર મલ્હોત્રા
"
2832,"કંગના રનાવત
"
2833,"જાવેદ જાફ્રી
"
2834,"શોએબ અખ્તર
"
2835,"જયંતિ દલાલ
"
2836,"પર્સિસ ખંભાતા
"
2837,"બ્રૂસ લી
"
2838,"ઝુબેદા
"
2839,"પન્નાલાલ પટેલ
"
2840,"ઇસ્માઈલ દરબાર
"
2841,"નાના પાટેકર
"
2842,"સિદ્દાવનાલી નિજાલિંગપ્પા
"
2843,"જસુ પટેલ
"
2844,"મનમોહન સિંઘ
"
2845,"વી.વી. એસ. લક્ષ્મણ
"
2846,"જાવેદ જાફ્રી
"
2847,"ઈશા શરવાની
"
2848,"ઈશા શરવાની
"
2849,"ઇમરાન હાશ્મી
"
2850,"વિઠ્ઠલભાઈ પટેલ
"
2851,"મણીભાઈ દેસાઈ
"
2852,"ઉદિત નારાયણ
"
2853,"સુનીલ દત્ત
"
2854,"નીલમ કોઠારી
"
2855,"આન્દ્રે અગાસી
"
2856,"ગોવર્ધન પંચાલ
"
2857,"કલ્પેન મોદી
"
2858,"બ્રિન્દા પારેખ
"
2859,"જગદીશ ભગવતી
"
2860,"સૂર્યકાન્ત ત્રિપાઠી નિરાલા
"
2861,"મહેશ ભટ્ટ
"
2862,"યૂસુફ યોહાના
"
2863,"કપિલ દેવ
"
2864,"વિક્રમ સારાભાઈ
"
2865,"ઐશ્વર્યા રાય
"
2866,"ગુલામ ઇશાક ખાન
"
2867,"એન્ડી ફ્લાવર
"
2868,"ફિરોઝ ભગત
"
2869,"ઇસ્માઈલ દરબાર
"
2870,"પંડિત શિવ કુમાર શર્મા
"
2871,"એ. એલ. કાલીચરણ
"
2872,"અલ્લૂ રામલિંગૈયા
"
2873,"રાજ ભાવસાર
"
2874,"જૅક કોલિસ
"
2875,"સંજય લીલા ભણસાલી
"
2876,"તુલસી તંતી
"
2877,"ભૂપેન ખખ્ખર
"
2878,"તનાઝ કરિમ
"
2879,"વિધુ વિનોદ ચોપરા
"
2880,"રાજેન્દ્ર શુક્લ
"
2881,"બટુભાઈ ઉમરવાડિયા
"
2882,"જ્યોતિ ભટ્ટ
"
2883,"ધનસુખલાલ મહેતા
"
2884,"ઝુલ્ફિકાર અલી ભુટ્ટો
"
2885,"ઝુબેદા
"
2886,"વસુંધરા રાજે સિંધિયા
"
2887,"નરસિંહ મહેતા
"
2888,"જૉન્ટી રોડ્સ
"
2889,"ઋશિ કપૂર
"
2890,"દીપક ઘીવાલા
"
2891,"સિદ્દાવનાલી નિજાલિંગપ્પા
"
2892,"વેંકૈયા નાયડૂ
"
2893,"ચંદ્રકાંત બક્ષી
"
2894,"સચિન તેંડુલકર
"
2895,"અંબાલાલ સારાભાઈ
"
2896,"ગોવિન્દા
"
2897,"પરેશ ગણાત્રા
"
2898,"કનૈયાલાલ મુન્શી
"
2899,"કપિલ દેવ
"
2900,"ગીત શેઠી
"
2901,"શોએબ અખ્તર
"
2902,"દિવાળીબેન ભીલ
"
2903,"જાવેદ જાફ્રી
"
2904,"રામસ્વામી ઐયર વેંકટરમણ
"
2905,"દુર્ગેશ શુકલા
"
2906,"સુર્જીત સિંઘ બરનાલા
"
2907,"કલ્યાણજી વીરજી શાહ
"
2908,"લતા મંગેશકર
"
2909,"હરધનહલ્લી ડી. દેવગૌડા
"
2910,"ચરણ સિંઘ
"
2911,"સરદાર વલ્લભભાઈ પટેલ
"
2912,"મલૈકા અરોરા
"
2913,"રોનાલ્ડ રેગન
"
2914,"દીપિકા પાદુકોણ
"
2915,"કવિ કલાપિ
"
2916,"સરિતા જોશી
"
2917,"જે. ડી. મજેઠિયા
"
2918,"ઇસ્માઈલ દરબાર
"
2919,"રમેશ રાઘવ
"
2920,"સૌરવ ગંગુલી
"
2921,"બલીરામ ભગત
"
2922,"શત્રુઘ્ન સિંહા
"
2923,"નરી કોન્ટ્રેક્ટર
"
2924,"લાલ બહાદુર શાસ્ત્રી
"
2925,"બ્રિન્દા પારેખ
"
2926,"પરવેઝ મુશર્રફ
"
2927,"લાલ કૃષ્ણ અડવાણી
"
2928,"યશ્વિ પટેલ
"
2929,"ટીના પારેખ
"
2930,"ઋશિ કપૂર
"
2931,"ભીખુ પારેખ
"
2932,"ગિરિજા પ્રસાદ કોઇરાલા
"
2933,"સંજય ગઢવી
"
2934,"યૂસુફ યોહાના
"
2935,"અમર્ત્ય કુમાર સેન
"
2936,"પી. ખસરાણી
"
2937,"એમ.જી. રામચંદ્રન
"
2938,"ગુરદયાલ સિંઘ ધિલ્લોન
"
2939,"અખો
"
2940,"ગુલ્શન ગ્રોવર
"
2941,"વિનોદ જોશી
"
2942,"માર્કન્ડ ભટ્ટ
"
2943,"ઇન્દિરા ગાંધી
"
2944,"આલ્બર્ટ અલગોર
"
2945,"સ્વરૂપ સંપત
"
2946,"ઇમરાન હાશ્મી
"
2947,"ગુરદયાલ સિંઘ ધિલ્લોન
"
2948,"સુજાતા મહેતા
"
2949,"પંડિત શિવ કુમાર શર્મા
"
2950,"ગણેશ વાસુદેવ માવલંકર
"
2951,"કલ્પેન મોદી
"
2952,"હરધનહલ્લી ડી. દેવગૌડા
"
2953,"હેન્સી ક્રોનિયે
"
2954,"શિવરાજ પાટિલ
"
2955,"રજનીકાન્ત
"
2956,"સંજય ગઢવી
"
2957,"ઉદય કોટક
"
2958,"એ. એલ. કાલીચરણ
"
2959,"નિખિલ ચોપરા
"
2960,"બલ્વિન્દર સંધૂ
"
2961,"બિશેશ્વર પ્રસાદ કોઇરાલા
"
2962,"સર્વપલ્લી રાધાકૃષ્ણન
"
2963,"જયંતિ દલાલ
"
2964,"રાજીવ ગાંધી
"
2965,"હિમેશ રેશમિયા
"
2966,"ફાલ્ગુની પાઠક
"
2967,"આલેક મહેતા
"
2968,"રાની મુખર્જી
"
2969,"રવિ શાસ્ત્રી
"
2970,"કરિશ્મા કપૂર
"
2971,"એ. આર. રેહમાન
"
2972,"માર્કન્ડ ભટ્ટ
"
2973,"વિનોદ જોશી
"
2974,"શિવકુમાર જોશી
"
2975,"વિનૂ માંકડ
"
2976,"કે. કરૂણાનિધિ
"
2977,"અંશુમન ગાયકવાડ
"
2978,"વિનૂ માંકડ
"
2979,"હરિ પુંજા
"
2980,"જિતેન્દ્ર
"
2981,"અજય દેવગન
"
2982,"વિષ્ણુ વર્ધન
"
2983,"શ્રુતિ શેઠ
"
2984,"કૃષ્ણ પ્રસાદ ભટ્ટરાય
"
2985,"કૃષ્ણકાન્ત અવસ્થી
"
2986,"શ્યામજી ક્રિષ્ણ વર્મા
"
2987,"નયન મોંગિયા
"
2988,"હસમુખભાઈ પારેખ
"
2989,"ધીરૂભાઈ અંબાણી
"
2990,"સલીમ ઝાફર
"
2991,"શાહિદ અફ્રીદી
"
2992,"નિહારી જોશી
"
2993,"બલીરામ ભગત
"
2994,"નિહારી જોશી
"
2995,"હેમુ અધિકારી
"
2996,"ગુલામ ઇશાક ખાન
"
2997,"ગ્યાની ઝૈલ સિંઘ
"
2998,"બલરામ જાખડ
"
2999,"મલૈકા અરોરા
"
3000,"માઇકલ આથર્ટન
"
3001,"પંકજ ઉધાસ
"
3002,"ઐશ્વર્યા રાય
"
3003,"ડિમ્પલ કાપડિયા
"
3004,"ફખરુદ્દિન અલી અહેમદ
"
3005,"હેન્સી ક્રોનિયે
"
3006,"રણજીતરામ મહેતા
"
3007,"મહાદેવ દેસાઈ
"
3008,"પરીતા પારેખ
"
3009,"નીલમ કોઠારી
"
3010,"માર્કન્ડ ભટ્ટ
"
3011,"નુપૂર જોશી
"
3012,"મૌલી દવે
"
3013,"શત્રુઘ્ન સિંહા
"
3014,"આકાશ ગુજરાતી
"
3015,"સુનીલ દત્ત
"
3016,"કિશોર કુમાર
"
3017,"બલરામ જાખડ
"
3018,"શાહિદ અફ્રીદી
"
3019,"દાનિશ કનેરિયા
"
3020,"એલિઝાબેથ
"
3021,"ગોવિન્દા
"
3022,"એ.પી.જે. અબ્દુલ કલામ
"
3023,"ઈશા શરવાની
"
3024,"કલ્પેન મોદી
"
3025,"ઉદય કોટક
"
3026,"કમલ હસન
"
3027,"સુચિતા ત્રિવેદી
"
3028,"ગ્રેગ ચેપેલ
"
3029,"માર્કન્ડ ભટ્ટ
"
3030,"વિધુ વિનોદ ચોપરા
"
3031,"સમીર ખખ્ખર
"
3032,"કોંકણા સેન-શર્મા
"
3033,"જ્યોતિ ભટ્ટ
"
3034,"માઇકલ આથર્ટન
"
3035,"અમર્ત્ય કુમાર સેન
"
3036,"શરમન જોશી
"
3037,"નવાઝ શરીફ
"
3038,"એન.ટી. રામારાવ
"
3039,"ડૉન બ્રેડમેન
"
3040,"સિરાજ બહુતુલે
"
3041,"અલકા યાગ્નિક
"
3042,"યૂસુફ યોહાના
"
3043,"રત્ના પાઠક
"
3044,"વિઠ્ઠલભાઈ પટેલ
"
3045,"નરેશ કનોડિયા
"
3046,"તનાઝ કરિમ
"
3047,"જૉર્જ બુશ
"
3048,"ઇમરાન હાશ્મી
"
3049,"ફખરુદ્દિન અલી અહેમદ
"
3050,"ખાલિદ મસૂદ
"
3051,"પન્નાલાલ પટેલ
"
3052,"બેનઝીર ભુટ્ટો
"
3053,"મિથુન ચક્રવર્તી
"
3054,"મહેશ ભૂપતી
"
3055,"કરસનભાઈ પટેલ
"
3056,"મહાદેવ દેસાઈ
"
3057,"કૃષ્ણમ રાજુ
"
3058,"ધનંજય ઠાકર
"
3059,"રામસ્વામી ઐયર વેંકટરમણ
"
3060,"ભીખુ પારેખ
"
3061,"રાહુલ ગાંધી
"
3062,"ચૌધરી સુજાત હુસૈન
"
3063,"બસપ્પા ડનપ્પા જત્તી
"
3064,"સિદ્દાવનાલી નિજાલિંગપ્પા
"
3065,"સૈફ અલી ખાન
"
3066,"શેખર કપૂર
"
3067,"કોટા શ્રીનિવાસ રાવ કોઉન્ડમણી
"
3068,"જગદીશ ભગવતી
"
3069,"દેવકાંત બરુઆ
"
3070,"સર્વેશ્વર દયાલ સક્સેના
"
3071,"મૌલી દવે
"
3072,"ટ્યુલિપ જોશી
"
3073,"ધીરૂભાઈ અંબાણી
"
3074,"ફારૂખ શેખ
"
3075,"આલોક નાથ
"
3076,"હરધનહલ્લી ડી. દેવગૌડા
"
3077,"સામ પિત્રોડા
"
3078,"પ્રેમ ચોપ્રા
"
3079,"યૂસુફ યોહાના
"
3080,"શરદ બાબૂ
"
3081,"આશિષ આનંદ કપૂર
"
3082,"જયંતિ પટેલ
"
3083,"જગદીશ ભગવતી
"
3084,"રૉબિન સિંઘ
"
3085,"પ્રાચી દેસાઈ
"
3086,"જયંતિ દલાલ
"
3087,"ડિમ્પલ કાપડિયા
"
3088,"પ્રિયંકા વધેરા
"
3089,"જગદીશ ભગવતી
"
3090,"ગેરી કર્સ્ટન
"
3091,"સમીર ખખ્ખર
"
3092,"રાજેન્દ્ર શુક્લ
"
3093,"યશવંત પંડ્યા
"
3094,"દીપિકા ચિખલિયા
"
3095,"જશવંત ઠાકર
"
3096,"સુચિતા ત્રિવેદી
"
3097,"નમીતા વનકાવાલા
"
3098,"રણધીર કપૂર
"
3099,"હેમચંદ્ર
"
3100,"અમર્ત્ય કુમાર સેન
"
3101,"સિદ્દાવનાલી નિજાલિંગપ્પા
"
3102,"શ્યામજી ક્રિષ્ણ વર્મા
"
3103,"જવાહરલાલ નેહરુ
"
3104,"ચુનીલાલ મડિયા
"
3105,"નુપૂર જોશી
"
3106,"અબે કુરુવિલા
"
3107,"કરિશ્મા કપૂર
"
3108,"મરવન અટ્ટાપટ્ટૂ
"
3109,"રણધીર કપૂર
"
3110,"અજીત વાડેકર
"
3111,"કે. શ્રીકાન્ત
"
3112,"સૂર્ય બહાદુર થાપા
"
3113,"રવિશંકર રાવળ
"
3114,"ડેવિડ બૂન
"
3115,"નમીતા વનકાવાલા
"
3116,"નવાઝ શરીફ
"
3117,"શેખર કપૂર
"
3118,"દીપક તિજોરી
"
3119,"વિજયા મહેતા
"
3120,"આઘા મોહમ્મદ યાહ્યા ખાન
"
3121,"પરમસુખ પંડ્યા
"
3122,"ડેવિડ બૂન
"
3123,"રિકી પોન્ટિંગ
"
3124,"સુનીલ દત્ત
"
3125,"મનમોહન સિંઘ
"
3126,"મનોજ કુમાર
"
3127,"પુરુશોત્તમ દાસ ટંડન
"
3128,"કંગના રનાવત
"
3129,"ગેરી કર્સ્ટન
"
3130,"માર્કન્ડ ભટ્ટ
"
3131,"રસિકલાલ પરીખ
"
3132,"કિરણ મોરે
"
3133,"અર્વિંદ ત્રિવેદી
"
3134,"હસન રઝા
"
3135,"ચન્દ્રશેખર
"
3136,"સામ પિત્રોડા
"
3137,"શિવકુમાર જોશી
"
3138,"ક્રિષ્ણા ગોકાણી
"
3139,"કવિ કલાપિ
"
3140,"મુથૈયા મુરલીધરન
"
3141,"કસ્તુરભાઈ લાલભાઈ
"
3142,"હિમેશ રેશમિયા
"
3143,"રાહુલ દ્રવિડ
"
3144,"હરિલાલ ઉપાધ્યાય
"
3145,"પ્રસૂન જોશી
"
3146,"અખો
"
3147,"માનવ ગોહિલ
"
3148,"સત્યમ પટેલ
"
3149,"હજારી પ્રસાદ દ્વિવેદી
"
3150,"કોટા શ્રીનિવાસ રાવ કોઉન્ડમણી
"
3151,"નિયતી જોશી
"
3152,"ઇન્દિરા ગાંધી
"
3153,"કરન કપૂર
"
3154,"મમૂતી
"
3155,"વી.વી. એસ. લક્ષ્મણ
"
3156,"સમીર ખખ્ખર
"
3157,"વિજયા મહેતા
"
3158,"ચંકી પાન્ડે
"
3159,"ધનસુખલાલ મહેતા
"
3160,"શ્યામજી ક્રિષ્ણ વર્મા
"
3161,"કનૈયાલાલ મુન્શી
"
3162,"અજય જાડેજા
"
3163,"અંશુમન ગાયક્વાડ
"
3164,"કસ્તુરબા ગાંધી
"
3165,"બટુભાઈ ઉમરવાડિયા
"
3166,"લાલૂ પ્રસાદ યાદવ
"
3167,"અંશુમન ગાયક્વાડ
"
3168,"ગ્યાનેન્દ્રબીર બિક્રમ સિંઘ
"
3169,"રત્ના પાઠક
"
3170,"સુજાતા મહેતા
"
3171,"હરિલાલ ઉપાધ્યાય
"
3172,"શેખ મુજીબુર રહેમાન
"
3173,"મરવન અટ્ટાપટ્ટૂ
"
3174,"જે. ડી. મજેઠિયા
"
3175,"કાદર ખાન
"
3176,"અક્રમ ખાન
"
3177,"બલરામ જાખડ
"
3178,"કરણ પટેલ
"
3179,"નિલિમા શેખ
"
3180,"રમણભાઈ પટેલ
"
3181,"મલૈકા અરોરા
"
3182,"રણજીતરામ મહેતા
"
3183,"યૂસુફ યોહાના
"
3184,"ગુલામ ઇશાક ખાન
"
3185,"મનુ પારેખ
"
3186,"વિજયા મહેતા
"
3187,"ટોની બ્લેર
"
3188,"અબ્બાસ તૈયબજી
"
3189,"કરન કપૂર
"
3190,"માઇકલ આથર્ટન
"
3191,"માઇકલ જેક્સન
"
3192,"ગોવિન્દા
"
3193,"કે. શ્રીકાન્ત
"
3194,"કનૈયાલાલ મુન્શી
"
3195,"ઝહીર અબ્બાસ
"
3196,"સમીર ખખ્ખર
"
3197,"દેવેન ભોજાણી
"
3198,"ગૌતમ અડાણી
"
3199,"બાલિ બ્રહ્મભટ્ટ
"
3200,"રોનાલ્ડ રેગન
"
3201,"માઇકલ આથર્ટન
"
3202,"કેતકી દવે
"
3203,"કે. શ્રીકાન્ત
"
3204,"કે. કરૂણાનિધિ
"
3205,"અર્વિંદ ત્રિવેદી
"
3206,"મોહસિન ખાન
"
3207,"લતા મંગેશકર
"
3208,"શરમન જોશી
"
3209,"અબે કુરુવિલા
"
3210,"એ.પી.જે. અબ્દુલ કલામ
"
3211,"બેનઝીર ભુટ્ટો
"
3212,"પ્રેમાનંદ
"
3213,"કસ્તુરભાઈ લાલભાઈ
"
3214,"વી.વી. એસ. લક્ષ્મણ
"
3215,"શ્રુતિ શેઠ
"
3216,"ઇમરાન હાશ્મી
"
3217,"રાની મુખર્જી
"
3218,"સ્ટીવ વૉગ
"
3219,"ચિરંજીવી
"
3220,"ડેવિડ બૂન
"
3221,"નીલમ સંજીવ રેડ્ડી
"
3222,"હજારી પ્રસાદ દ્વિવેદી
"
3223,"પિયા ત્રિવેદી
"
3224,"ત્રિભુવન બીર બિક્રમ શાહ
"
3225,"દિવાળીબેન ભીલ
"
3226,"ઇમરાન ખાન
"
3227,"સઈદ અનવર
"
3228,"અખો
"
3229,"ચન્દ્રશેખર
"
3230,"મોહિંદર અમરનાથ
"
3231,"ટ્યુલિપ જોશી
"
3232,"ગિરિજા પ્રસાદ કોઇરાલા
"
3233,"પ્રસૂન દેસાઈ
"
3234,"અંબાલાલ સારાભાઈ
"
3235,"શિવરાજ પાટિલ
"
3236,"ઉદય કોટક
"
3237,"ચાર્લી ચેપ્લિન
"
3238,"ચેતન શર્મા
"
3239,"રત્ના પાઠક
"
3240,"રૉબિન સિંઘ
"
3241,"કૈલાશ પંડ્યા
"
3242,"નિખિલ ચોપરા
"
3243,"લાલ બહાદુર શાસ્ત્રી
"
3244,"યુસુફ પઠાણ
"
3245,"વેંકૈયા નાયડૂ
"
3246,"ટોની બ્લેર
"
3247,"રાજેશ ખન્ના
"
3248,"યુસુફ પઠાણ
"
3249,"જગમોહન દાલમિયા
"
3250,"અનિલ અંબાણી
"
3251,"અમિતાભ બચ્ચન
"
3252,"મલ્લિકા સારાભાઈ
"
3253,"નલિનિકાંત નવીન
"
3254,"સ્વરૂપ સંપત
"
3255,"દિલિપ કુમાર
"
3256,"દીના પાઠક
"
3257,"પરીતા પારેખ
"
3258,"હિમેશ રેશમિયા
"
3259,"જાવેદ જાફ્રી
"
3260,"અમજદ ખાન
"
3261,"શાહિદ અફ્રીદી
"
3262,"મહેંદ્ર જોશી
"
3263,"સિદ્દાવનાલી નિજાલિંગપ્પા
"
3264,"પ્રહલાદ બ્રહ્મભટ્ટ
"
3265,"પરમસુખ નાયક
"
3266,"અખો
"
3267,"મુકેશ ભટ્ટ
"
3268,"પર્સિસ ખંભાતા
"
3269,"ઝાકિર હુસૈન
"
3270,"મુરલી મનોહર જોશી
"
3271,"બેન કિંગ્સલી
"
3272,"પાર્થિવ પટેલ
"
3273,"એ.પી.જે. અબ્દુલ કલામ
"
3274,"સરફરાઝ નવાઝ
"
3275,"હેમચંદ્ર
"
3276,"ગોવિન્દા
"
3277,"અઝિમ પ્રેમજી
"
3278,"સઈદ અનવર
"
3279,"ગેરી કર્સ્ટન
"
3280,"ઉર્મિલા ભટ્ટ
"
3281,"વિશ્વનાથ પ્રતાપ સિંઘ
"
3282,"ઝુબેદા
"
3283,"ચંકી પાન્ડે
"
3284,"રાની મુખર્જી
"
3285,"બલ્વિન્દર સંધૂ
"
3286,"રસિકલાલ પરીખ
"
3287,"ચાર્લી ચેપ્લિન
"
3288,"જૉની વોકર
"
3289,"રજનીકાન્ત
"
3290,"સંધ્યા રાની મૃદુલ
"
3291,"નવજોત સિંઘ સિદ્ધૂ
"
3292,"ગેરી કર્સ્ટન
"
3293,"મુનાફ પટેલ
"
3294,"બ્રિન્દા પારેખ
"
3295,"કરસનભાઈ પટેલ
"
3296,"ધીરૂભાઈ અંબાણી
"
3297,"નરેન્દ્ર મોદી
"
3298,"જાવેદ જાફ્રી
"
3299,"ચિનુ મોદી
"
3300,"જગદીશ ભગવતી
"
3301,"ટ્યુલિપ જોશી
"
3302,"અરુણ ગોહિલ
"
3303,"રિકી પોન્ટિંગ
"
3304,"ટીનુ આનંદ
"
3305,"રાજેન્દ્ર ગઢવી
"
3306,"માર્ક બાઉચર
"
3307,"લાલ બહાદુર શાસ્ત્રી
"
3308,"જસુ પટેલ
"
3309,"વસીમ અક્રમ
"
3310,"કસ્તુરભાઈ લાલભાઈ
"
3311,"સુનીલ ગાવસ્કર
"
3312,"સરિતા જોશી
"
3313,"બ્રિન્દા પારેખ
"
3314,"સદગોપન રમેશ
"
3315,"બ્રિન્દા પારેખ
"
3316,"પ્રાચી દેસાઈ
"
3317,"વિનોદ ગણપત કામ્બલી
"
3318,"સુહાસી ગોરડિયા
"
3319,"હસમુખ બારાડી
"
3320,"એસ.પી. બાલસુબ્રમણિયમ
"
3321,"પ્રાચી દેસાઈ
"
3322,"આલ્બર્ટ અલગોર
"
3323,"અનિલ અંબાણી
"
3324,"મૌલી દવે
"
3325,"કોંકણા સેન-શર્મા
"
3326,"કેતન મહેતા
"
3327,"જશવંત ઠાકર
"
3328,"સંજીવ કુમાર
"
3329,"બાલિ બ્રહ્મભટ્ટ
"
3330,"કસ્તુરબા ગાંધી
"
3331,"દાનિશ કનેરિયા
"
3332,"પ્રતિભા પાટિલ
"
3333,"ગણેશ વાસુદેવ માવલંકર
"
3334,"નરસિંહ મહેતા
"
3335,"બિશન સિંઘ બેદી
"
3336,"મલ્લિકા શેરાવત
"
3337,"વરાહગિરી વેંકટગિરી
"
3338,"બિશન સિંઘ બેદી
"
3339,"ગણેશ વાસુદેવ માવલંકર
"
3340,"ચૌધરી સુજાત હુસૈન
"
3341,"મુશ્તાક અહેમદ
"
3342,"મનમોહન સિંઘ
"
3343,"સમીર ખખ્ખર
"
3344,"અર્જુન સિંઘ
"
3345,"દેવેન ભોજાણી
"
3346,"આન્દ્રે અગાસી
"
3347,"જ્યોતિન્દ્ર દવે
"
3348,"મંસૂર અખ્તર
"
3349,"પ્રેમાનંદ
"
3350,"રુચા ગુજરાતી
"
3351,"શિવકુમાર જોશી
"
3352,"વિષ્ણુ વર્ધન
"
3353,"માનવ ગોહિલ
"
3354,"સરિતા જોશી
"
3355,"જંતી મોહન ચન્દ્ર બાલયોગી
"
3356,"મોહસિન ખાન
"
3357,"જગદીશ ભગવતી
"
3358,"બ્રૂસ લી
"
3359,"બંગારુ લક્ષ્મણ
"
3360,"ઇમરાન હાશ્મી
"
3361,"જ્યોતિ વૈદ્ય
"
3362,"પંડિત શિવ કુમાર શર્મા
"
3363,"જૉની વોકર
"
3364,"સરિતા જોશી
"
3365,"ઇમરાન હાશ્મી
"
3366,"કાશ્મિરા શાહ
"
3367,"સિરાજ બહુતુલે
"
3368,"આઈ પી ગૌતમ
"
3369,"પટ્ટાભી સીતારમૈયા
"
3370,"અશ્મિત પટેલ
"
3371,"શ્રીકાંત
"
3372,"બેન કિંગ્સલી
"
3373,"મનુ પારેખ
"
3374,"ગિરિશ કર્નાડ
"
3375,"પરવેઝ મુશર્રફ
"
3376,"શાહરુખ ખાન
"
3377,"રસિકલાલ પરીખ
"
3378,"ગેરી કર્સ્ટન
"
3379,"જૅક કોલિસ
"
3380,"જંતી મોહન ચન્દ્ર બાલયોગી
"
3381,"નરી કોન્ટ્રેક્ટર
"
3382,"સઆદત અલી મન્ટો
"
3383,"મલૈકા અરોરા
"
3384,"શમશેર જંગ બહાદુર રાણા
"
3385,"નયન મોંગિયા
"
3386,"નર્મદાશંકર દવે
"
3387,"દિલિપ વેંગસરકર
"
3388,"બેનઝીર ભુટ્ટો
"
3389,"ધર્મેશ વ્યાસ
"
3390,"પ્રસૂન દેસાઈ
"
3391,"હેમુ અધિકારી
"
3392,"મનુ પારેખ
"
3393,"જગદીશ ભગવતી
"
3394,"રામસ્વામી ઐયર વેંકટરમણ
"
3395,"નરેન્દ્ર મોદી
"
3396,"દેવાશિશ મોહન્તિ
"
3397,"ઈશા શરવાની
"
3398,"વિક્રમ સારાભાઈ
"
3399,"બલ્વિન્દર સંધૂ
"
3400,"એમ.એફ. હુસેન
"
3401,"સઆદત અલી
"
3402,"સદગોપન રમેશ
"
3403,"કે. શ્રીકાન્ત
"
3404,"સત્યમ પટેલ
"
3405,"કોચરીલ રેહમાન નારાયણ
"
3406,"હસમુખભાઈ પારેખ
"
3407,"અંબાલાલ સારાભાઈ
"
3408,"અનુપમ ખેર
"
3409,"સર્વપલ્લી રાધાકૃષ્ણન
"
3410,"કાશ્મિરા શાહ
"
3411,"શમશેર જંગ બહાદુર રાણા
"
3412,"કસ્તુરભાઈ લાલભાઈ
"
3413,"જયશંકર સુંદરી
"
3414,"દેવેન ભોજાણી
"
3415,"રત્ના પાઠક
"
3416,"કિશોર કુમાર
"
3417,"હસમુખભાઈ પારેખ
"
3418,"અમર ઉપાધ્યાય
"
3419,"જશવંત ઠાકર
"
3420,"વેંકટપતિ રાજૂ
"
3421,"બેનઝીર ભુટ્ટો
"
3422,"શાહિદ અફ્રીદી
"
3423,"અમીશા પટેલ
"
3424,"જમશેદજી ટાટા
"
3425,"રણવીર કપૂર
"
3426,"આલ્બર્ટ અલગોર
"
3427,"સંજય ગઢવી
"
3428,"ગણેશ વાસુદેવ માવલંકર
"
3429,"ફારૂખ શેખ
"
3430,"જશવંત ઠાકર
"
3431,"ફખરુદ્દિન અલી અહેમદ
"
3432,"નાઝનીન પટેલ
"
3433,"ગિરિશ કર્નાડ
"
3434,"કરીશ્મા મોદી
"
3435,"સરફરાઝ નવાઝ
"
3436,"ગ્રેગ ચેપેલ
"
3437,"કપિલ દેવ
"
3438,"હેમચંદ્ર
"
3439,"ઉદિત નારાયણ
"
3440,"પટ્ટાભી સીતારમૈયા
"
3441,"મુથૈયા મુરલીધરન
"
3442,"નગેશ્વર નારાયણ રાવ
"
3443,"જૅકી શ્રૉફ
"
3444,"અટલ બિહારી વાજપેયી
"
3445,"પરમસુખ નાયક
"
3446,"ઋશિ કપૂર
"
3447,"પંડિત શિવ કુમાર શર્મા
"
3448,"ટીના પારેખ
"
3449,"દીપિકા ચિખલિયા
"
3450,"અનિલ અંબાણી
"
3451,"રમેશ મહેતા
"
3452,"બાલિ બ્રહ્મભટ્ટ
"
3453,"નિખિલ ચોપરા
"
3454,"આલોક નાથ
"
3455,"વસુંધરા રાજે સિંધિયા
"
3456,"વેંકટેશ પ્રસાદ
"
3457,"ગાયત્રી જોશી
"
3458,"પંડિત શિવ કુમાર શર્મા
"
3459,"કરીશ્મા મોદી
"
3460,"મુનાફ પટેલ
"
3461,"યશ્વિ પટેલ
"
3462,"કમલેશ ઓઝા
"
3463,"બ્રાયન લારા
"
3464,"જવાહરલાલ નેહરુ
"
3465,"ભૂપેન ખખ્ખર
"
3466,"વિનોદ જોશી
"
3467,"મનોજ કુમાર
"
3468,"ઉપેન પટેલ
"
3469,"મુનાફ પટેલ
"
3470,"ઝિયા-ઉલ-હક
"
3471,"દેવાંગ પટેલ
"
3472,"જૅકી ચેન
"
3473,"એલિઝાબેથ
"
3474,"ભીખુ પારેખ
"
3475,"ચંદ્રકાંત બક્ષી
"
3476,"પ્રભાકરન
"
3477,"હજારી પ્રસાદ દ્વિવેદી
"
3478,"હસન રઝા
"
3479,"તુલસી ગિરિ
"
3480,"માર્કન્ડ ભટ્ટ
"
3481,"પરેશ રાવલ
"
3482,"દેવાંગ પટેલ
"
3483,"મોરારજી દેસાઈ
"
3484,"આઈ પી ગૌતમ
"
3485,"સુનીતા વિલિયમ્સ
"
3486,"ગ્યાનેન્દ્રબીર બિક્રમ સિંઘ
"
3487,"અમીશા પટેલ
"
3488,"ક્લાઇવ લૉઈડ
"
3489,"મનીષા કનોજિયા
"
3490,"જિમી નંદા
"
3491,"બટુભાઈ ઉમરવાડિયા
"
3492,"સ્વરૂપ સંપત
"
3493,"મરવન અટ્ટાપટ્ટૂ
"
3494,"પ્રસૂન દેસાઈ
"
3495,"હસમુખ બારાડી
"
3496,"રાજ ભાવસાર
"
3497,"એ.પી.જે. અબ્દુલ કલામ
"
3498,"દિલિપ વેંગસરકર
"
3499,"સુનીલ દત્ત
"
3500,"ગ્રાહમ ગૂચ
"
3501,"અરુણ ગોહિલ
"
3502,"દુર્ગેશ શુકલા
"
3503,"ઉમાશંકર જોશી
"
3504,"ટિકૂ તલસાણિયા
"
3505,"એ.પી.જે. અબ્દુલ કલામ
"
3506,"જૉર્જ બુશ
"
3507,"રણજીતરામ મહેતા
"
3508,"ટીના મુનિમ
"
3509,"સીતારામ યેચુરી
"
3510,"નલિનિકાંત નવીન
"
3511,"કે. કરૂણાનિધિ
"
3512,"નવજોત સિંઘ સિદ્ધૂ
"
3513,"પંડિત શિવ કુમાર શર્મા
"
3514,"અશ્મિત પટેલ
"
3515,"જવાહરલાલ નેહરુ
"
3516,"જૉની લીવર
"
3517,"નિખિલ ચોપરા
"
3518,"નીલમ કોઠારી
"
3519,"પરેશ ગણાત્રા
"
3520,"રાહુલ દ્રવિડ
"
3521,"કેતન મહેતા
"
3522,"મહેશ ભટ્ટ
"
3523,"ધીરૂભાઈ અંબાણી
"
3524,"સૈફ અલી ખાન
"
3525,"માર્ગરેટ થેચર
"
3526,"અરવિંદ ડીસિલ્વા
"
3527,"અમીશા પટેલ
"
3528,"આમિર સોહેલ ખાન
"
3529,"બસપ્પા ડનપ્પા જત્તી
"
3530,"સોનિયા ગાંધી
"
3531,"અઝિમ પ્રેમજી
"
3532,"બિંદુ દેસાઈ
"
3533,"વેંકટેશ પ્રસાદ
"
3534,"જમશેદજી ટાટા
"
3535,"સીતારામ યેચુરી
"
3536,"નલિનિકાંત નવીન
"
3537,"નલિનિકાંત નવીન
"
3538,"સુજાતા મહેતા
"
3539,"કૃષ્ણ પ્રસાદ ભટ્ટરાય
"
3540,"જસુ પટેલ
"
3541,"પરવેઝ મુશર્રફ
"
3542,"નવાઝ શરીફ
"
3543,"લીઓનાર્ડો ડી કેપ્રિયો
"
3544,"નરસિંહ મહેતા
"
3545,"નલિની મહેતા
"
3546,"સતીશ શાહ
"
3547,"શિવકુમાર જોશી
"
3548,"લાલા અમરનાથ
"
3549,"સાહિબઝાદા ફારુખ અલી
"
3550,"સુનીલ દત્ત
"
3551,"વિક્રમ સારાભાઈ
"
3552,"હ્રિશીતા ભટ્ટ
"
3553,"પાયલ રહતોગિ
"
3554,"ફિરોઝ નડિયાદવાલા
"
3555,"મનુ પારેખ
"
3556,"ઇલયારાજા
"
3557,"ભૂપેન ખખ્ખર
"
3558,"કૃષ્ણ પ્રસાદ ભટ્ટરાય
"
3559,"માર્કન્ડ ભટ્ટ
"
3560,"લાલ કૃષ્ણ અડવાણી
"
3561,"જ્યોતિ ભટ્ટ
"
3562,"રોનાલ્ડ રેગન
"
3563,"અજીત આગરકર
"
3564,"જ્યોતિ વૈદ્ય
"
3565,"સરદાર વલ્લભભાઈ પટેલ
"
3566,"અનિલ કુમ્બલે
"
3567,"ઝિયા-ઉલ-હક
"
3568,"સદગોપન રમેશ
"
3569,"ઇન્દર કુમાર ગુજરાલ
"
3570,"ફિરોઝ નડિયાદવાલા
"
3571,"હરિલાલ ઉપાધ્યાય
"
3572,"કબીર બેદી
"
3573,"કલ્પેન મોદી
"
3574,"સચ્ચિદાનંદ હીરાનંદ વાત્સ્યાયન
"
3575,"ઉદિત નારાયણ
"
3576,"ઉપેન્દ્ર ત્રિવેદી
"
3577,"કલ્યાણજી વીરજી શાહ
"
3578,"મનહર ઊધાસ
"
3579,"ઇન્ઝામામ-ઉલ-હક
"
3580,"સંજય દત્ત
"
3581,"મોહમ્મદ અઝહરુદ્દીન
"
3582,"એ.પી.જે. અબ્દુલ કલામ
"
3583,"હર્શેલ ગિબ્સ
"
3584,"હરિ પુંજા
"
3585,"સુજાતા મહેતા
"
3586,"રમેશ મહેતા
"
3587,"બિંદુ દેસાઈ
"
3588,"ધર્મેન્દ્ર
"
3589,"રોમા માણેક
"
3590,"ગૌતમ અડાણી
"
3591,"રોનાલ્ડ રેગન
"
3592,"સૈફ અલી ખાન
"
3593,"ભીખુ પારેખ
"
3594,"રમણલાલ મહેતા
"
3595,"રાજેન્દ્ર ગઢવી
"
3596,"એ. એલ. કાલીચરણ
"
3597,"લાલૂ પ્રસાદ યાદવ
"
3598,"વિવિયન રિચર્ડ્સ
"
3599,"પટ્ટાભી સીતારમૈયા
"
3600,"હ્રિશીતા ભટ્ટ
"
3601,"ક્રિષ્ણા ગોકાણી
"
3602,"રોનાલ્ડ રેગન
"
3603,"બ્રિજેશ પટેલ
"
3604,"દીપિકા પાદુકોણ
"
3605,"સઆદત અલી મન્ટો
"
3606,"સંજય દત્ત
"
3607,"ફિરોઝ નડિયાદવાલા
"
3608,"લાલ બહાદુર શાસ્ત્રી
"
3609,"કાર્લ હુપર
"
3610,"જિમી મિસ્ત્રી
"
3611,"સાનિયા મિર્ઝા
"
3612,"નરેશ કનોડિયા
"
3613,"સર્વેશ્વર દયાલ સક્સેના
"
3614,"વિધુ વિનોદ ચોપરા
"
3615,"કરન કપૂર
"
3616,"અનિલ કુમ્બલે
"
3617,"સિદ્ધાર્થ રાંદેરિયા
"
3618,"ફિરોઝ નડિયાદવાલા
"
3619,"બંગારુ લક્ષ્મણ
"
3620,"ધીરૂભાઈ અંબાણી
"
3621,"સ્વરૂપ સંપત
"
3622,"અરુણ ગોહિલ
"
3623,"શાહિદ અફ્રીદી
"
3624,"નરેશ કનોડિયા
"
3625,"પૂર્વી જોશી
"
3626,"ઉપેન્દ્ર ત્રિવેદી
"
3627,"આલ્બર્ટ અલગોર
"
3628,"કે. કરૂણાનિધિ
"
3629,"સચ્ચિદાનંદ હીરાનંદ વાત્સ્યાયન
"
3630,"કે. શ્રીકાન્ત
"
3631,"પાયલ રહતોગિ
"
3632,"મનુ પારેખ
"
3633,"બલીરામ ભગત
"
3634,"સુનીતા વિલિયમ્સ
"
3635,"રવિ શાસ્ત્રી
"
3636,"અમિતાભ બચ્ચન
"
3637,"આલ્બર્ટ અલગોર
"
3638,"સિદ્ધાર્થ રાંદેરિયા
"
3639,"શ્યામજી ક્રિષ્ણ વર્મા
"
3640,"માર્ક બાઉચર
"
3641,"ગુલ્શન ગ્રોવર
"
3642,"ચુનીલાલ મડિયા
"
3643,"રણજીતરામ મહેતા
"
3644,"નીલમ સંજીવ રેડ્ડી
"
3645,"દાસરી નારાયણ રાવ
"
3646,"સુહાસી ગોરડિયા
"
3647,"ભૂપેન ખખ્ખર
"
3648,"રોમા માણેક
"
3649,"અંશુમન ગાયક્વાડ
"
3650,"સુજાતા મહેતા
"
3651,"જૉની લીવર
"
3652,"ટ્યુલિપ જોશી
"
3653,"ફારૂક એન્જિનિયર
"
3654,"સ્ટીફન ફ્લૅમિંગ
"
3655,"સુભાષચંદ્ર બોસ
"
3656,"ઇન્દર કુમાર ગુજરાલ
"
3657,"જ્યોતિન્દ્ર દવે
"
3658,"કસ્તુરભાઈ લાલભાઈ
"
3659,"નાના પાટેકર
"
3660,"અક્રમ ખાન
"
3661,"પન્નાલાલ પટેલ
"
3662,"સઆદત અલી મન્ટો
"
3663,"રોમા માણેક
"
3664,"રણધીર કપૂર
"
3665,"ચક્રવર્તી રાજગોપાલાચારી
"
3666,"ફિરોઝ નડિયાદવાલા
"
3667,"ગુરદાસ માન
"
3668,"રવિશંકર રાવળ
"
3669,"ખ્વાઝા મોઈનુદ્દિન ચિસ્તિ
"
3670,"મિથુન ચક્રવર્તી
"
3671,"ભૈરો સિંઘ શેખાવત
"
3672,"ગ્યાનેન્દ્રબીર બિક્રમ સિંઘ
"
3673,"બ્રિન્દા પારેખ
"
3674,"સરદાર વલ્લભભાઈ પટેલ
"
3675,"એડમ પરોરે
"
3676,"માર્કન્ડ ભટ્ટ
"
3677,"સ્વરૂપ સંપત
"
3678,"સિદ્દાવનાલી નિજાલિંગપ્પા
"
3679,"રવિશંકર રાવળ
"
3680,"હરિલાલ ઉપાધ્યાય
"
3681,"ભૂપેન ખખ્ખર
"
3682,"પ્રહલાદ બ્રહ્મભટ્ટ
"
3683,"નિયતી જોશી
"
3684,"મુનાફ પટેલ
"
3685,"ગણેશ વાસુદેવ માવલંકર
"
3686,"મહેંદ્ર જોશી
"
3687,"કરણ પટેલ
"
3688,"સમીર ખખ્ખર
"
3689,"દેવાંગ પટેલ
"
3690,"ઇન્દુલાલ ગાંધી
"
3691,"રામ ગોપાલ વર્મા
"
3692,"બ્રિન્દા પારેખ
"
3693,"રાજેન્દ્ર પ્રસદ
"
3694,"સદગોપન રમેશ
"
3695,"રૉબિન સિંઘ
"
3696,"મુનાફ પટેલ
"
3697,"ગૌતમ અડાણી
"
3698,"બ્રિજેશ પટેલ
"
3699,"નરેશ કનોડિયા
"
3700,"અરુણ ગોહિલ
"
3701,"યૂસુફ યોહાના
"
3702,"ગીત શેઠી
"
3703,"મોહિંદર અમરનાથ
"
3704,"સની દેઓલ
"
3705,"યૂસુફ યોહાના
"
3706,"કિશોર કુમાર
"
3707,"દિવ્યાંક ત્રિપાઠી
"
3708,"વિષ્ણુ વર્ધન
"
3709,"મુથૈયા મુરલીધરન
"
3710,"દીપક તિજોરી
"
3711,"મલ્લિકા શેરાવત
"
3712,"રાજ ભાવસાર
"
3713,"હ્રિશીતા ભટ્ટ
"
3714,"અનિલ કુમ્બલે
"
3715,"રસિકલાલ પરીખ
"
3716,"દીપક તિજોરી
"
3717,"રુચા ગુજરાતી
"
3718,"મિથુન ચક્રવર્તી
"
3719,"વિશ્વનાથ પ્રતાપ સિંઘ
"
3720,"ઝહીર અબ્બાસ
"
3721,"ધર્મેશ વ્યાસ
"
3722,"જયંતિ પટેલ
"
3723,"હસન રઝા
"
3724,"આકાશ ગુજરાતી
"
3725,"નરેન્દ્ર મોદી
"
3726,"રણવીર કપૂર
"
3727,"મનમોહન સિંઘ
"
3728,"પ્રાચી શાહ
"
3729,"કોચરીલ રેહમાન નારાયણ
"
3730,"જગદીશ ભગવતી
"
3731,"સચ્ચિદાનંદ હીરાનંદ વાત્સ્યાયન
"
3732,"અમરીશ પુરી
"
3733,"નર્મદ
"
3734,"અનુપમ ખેર
"
3735,"એન.ટી. રામારાવ
"
3736,"આશા પારેખ
"
3737,"રામસ્વામી ઐયર વેંકટરમણ
"
3738,"ઇન્ઝામામ-ઉલ-હક
"
3739,"સુનીલ ગાવસ્કર
"
3740,"દીપિકા પાદુકોણ
"
3741,"રત્ના પાઠક
"
3742,"જયશંકર સુંદરી
"
3743,"મનહર ઊધાસ
"
3744,"મહેંદ્ર જોશી
"
3745,"નિકિતા શાહ
"
3746,"કૃતિકા દેસાઈ
"
3747,"મનીષા કનોજિયા
"
3748,"કલ્પેન મોદી
"
3749,"ક્રિષ્ણા ગોકાણી
"
3750,"બિંદુ દેસાઈ
"
3751,"નલિનિકાંત નવીન
"
3752,"ટીના પારેખ
"
3753,"ધ્રૂવ મિસ્ત્રી
"
3754,"વિશ્વનાથ પ્રતાપ સિંઘ
"
3755,"વિષ્ણુ વર્ધન
"
3756,"રાજેન્દ્ર ગઢવી
"
3757,"સુનીલ દત્ત
"
3758,"ચમિંડા વાસ
"
3759,"દીના પાઠક
"
3760,"કરન કપૂર
"
3761,"જયા બચ્ચન
"
3762,"આર્થર કોલવેલ
"
3763,"પર્સિસ ખંભાતા
"
3764,"સલીમ ઝાફર
"
3765,"નર્મદાશંકર દવે
"
3766,"ચમિંડા વાસ
"
3767,"નલિનિકાંત નવીન
"
3768,"નરેન્દ્ર મોદી
"
3769,"આર્થર કોલવેલ
"
3770,"મનીષા કનોજિયા
"
3771,"ગુણવંતરાય આચાર્ય
"
3772,"અંશુમન ગાયક્વાડ
"
3773,"આલેક મહેતા
"
3774,"અનિલ અંબાણી
"
3775,"કુમાર ગૌરવ
"
3776,"સંજીવ કુમાર
"
3777,"તનાઝ કરિમ
"
3778,"કવિ કલાપિ
"
3779,"શ્યામજી ક્રિષ્ણ વર્મા
"
3780,"જગમોહન દાલમિયા
"
3781,"ટિકૂ તલસાણિયા
"
3782,"રાવજી પટેલ
"
3783,"સુર્જીત સિંઘ બરનાલા
"
3784,"પ્રભાકરન
"
3785,"પર્સિસ ખંભાતા
"
3786,"કમલેશ ઓઝા
"
3787,"સતીશ શાહ
"
3788,"ફિરોઝ ભગત
"
3789,"ગ્યાની ઝૈલ સિંઘ
"
3790,"પરેશ રાવલ
"
3791,"કલ્પેન મોદી
"
3792,"ચુનીલાલ મડિયા
"
3793,"મલૈકા અરોરા
"
3794,"દિલિપ વેંગસરકર
"
3795,"નરેન્દ્ર હિરવાણી
"
3796,"બ્રિજેશ પટેલ
"
3797,"માઇકલ આથર્ટન
"
3798,"જિતેન્દ્ર
"
3799,"નર્મદ
"
3800,"મનીષા કનોજિયા
"
3801,"ફખરુદ્દિન અલી અહેમદ
"
3802,"કરણ બિલિમોરીયા
"
3803,"હરીશ ભિમાણી
"
3804,"વેંકટેશ પ્રસાદ
"
3805,"ટીના પારેખ
"
3806,"રવિશંકર રાવળ
"
3807,"ઋશિ કપૂર
"
3808,"રતન ટાટા
"
3809,"ટીના મુનિમ
"
3810,"કરણ બિલિમોરીયા
"
3811,"ગ્રેગ ચેપેલ
"
3812,"ટોની ગ્રેગ
"
3813,"ઇસ્માઈલ દરબાર
"
3814,"સ્ટીફન ફ્લૅમિંગ
"
3815,"નગેશ્વર નારાયણ રાવ
"
3816,"સતીશ શાહ
"
3817,"રઘુવીર ચૌધરી
"
3818,"મલ્લિકા શેરાવત
"
3819,"બલરામ જાખડ
"
3820,"ઇન્દુલાલ ગાંધી
"
3821,"બસપ્પા ડનપ્પા જત્તી
"
3822,"આશિષ આનંદ કપૂર
"
3823,"મત્રિક્દ પ્રસાદ કોઇરાલા
"
3824,"ગુલામ ઇશાક ખાન
"
3825,"ગ્યાનેન્દ્રબીર બિક્રમ સિંઘ
"
3826,"યેસુદાસ
"
3827,"અભિનવ બિન્દ્રા
"
3828,"ધ્રૂવ મિસ્ત્રી
"
3829,"હરિલાલ ઉપાધ્યાય
"
3830,"જ્યોતિન્દ્ર દવે
"
3831,"અંબાલાલ સારાભાઈ
"
3832,"ધીરૂભાઈ અંબાણી
"
3833,"અમર ગુપ્તા
"
3834,"સુભાષચંદ્ર બોસ
"
3835,"શંકર દયાલ શર્મા
"
3836,"દાસરી નારાયણ રાવ
"
3837,"કૃતિકા દેસાઈ
"
3838,"હરિલાલ ઉપાધ્યાય
"
3839,"અનિલ અંબાણી
"
3840,"ગોવર્ધન પંચાલ
"
3841,"શંકર દયાલ શર્મા
"
3842,"વિવિયન રિચર્ડ્સ
"
3843,"ટિકૂ તલસાણિયા
"
3844,"સીતારામ યેચુરી
"
3845,"દેવ આનંદ
"
3846,"કલ્યાણજી વીરજી શાહ
"
3847,"મનમોહન દેસાઈ
"
3848,"ગોવિન્દા
"
3849,"વિઠ્ઠલભાઈ પટેલ
"
3850,"સંજય ગઢવી
"
3851,"રવિ શાસ્ત્રી
"
3852,"બટુભાઈ ઉમરવાડિયા
"
3853,"સત્યજીત રે
"
3854,"જવાહરલાલ નેહરુ
"
3855,"માર્કન્ડ ભટ્ટ
"
3856,"પ્રસૂન જોશી
"
3857,"પરેશ રાવલ
"
3858,"સિદ્દાવનાલી નિજાલિંગપ્પા
"
3859,"ત્રિભુવન બીર બિક્રમ શાહ
"
3860,"હરભજન સિંઘ
"
3861,"પ્રાચી શાહ
"
3862,"અનિલ અંબાણી
"
3863,"હોમી વાડિયા
"
3864,"ઇન્દુલાલ ગાંધી
"
3865,"આમિર સોહેલ ખાન
"
3866,"યેસુદાસ
"
3867,"જૉની વોકર
"
3868,"નરેન્દ્ર મોદી
"
3869,"જયંતિ દલાલ
"
3870,"અજય દેવગન
"
3871,"શિવકુમાર જોશી
"
3872,"સત્યજીત રે
"
3873,"પી. ખસરાણી
"
3874,"ચમિંડા વાસ
"
3875,"ભીખુ પારેખ
"
3876,"ભૈરો સિંઘ શેખાવત
"
3877,"મનુભાઈ પંચોલી
"
3878,"પરમસુખ નાયક
"
3879,"જય વસાવડા
"
3880,"અર્વિંદ ત્રિવેદી
"
3881,"જયા બચ્ચન
"
3882,"અબ્દુલ કરીમ તેલગી
"
3883,"ફિરોઝ નડિયાદવાલા
"
3884,"પૂજા ભટ્ટ
"
3885,"સામ પિત્રોડા
"
3886,"મનમોહન સિંઘ
"
3887,"નિકિતા શાહ
"
3888,"પર્સિસ ખંભાતા
"
3889,"શિવરાજ પાટિલ
"
3890,"ફારૂક એન્જિનિયર
"
3891,"ઇયાન ચેપલ
"
3892,"દિલિપ કુમાર
"
3893,"રૉબિન સિંઘ
"
3894,"દેવાંગ પટેલ
"
3895,"સઆદત અલી મન્ટો
"
3896,"મિથુન ચક્રવર્તી
"
3897,"નલિની મહેતા
"
3898,"સંજય લીલા ભણસાલી
"
3899,"સઆદત અલી મન્ટો
"
3900,"પ્રસૂન જોશી
"
3901,"રમણભાઈ પટેલ
"
3902,"સોનુ નિગમ
"
3903,"કબીર બેદી
"
3904,"આર. ડબલ્યૂ. એંડરસન
"
3905,"દિવાળીબેન ભીલ
"
3906,"જૅકી શ્રૉફ
"
3907,"માઇકલ આથર્ટન
"
3908,"ધર્મેન્દ્ર
"
3909,"નર્મદાશંકર દવે
"
3910,"ઇન્દર કુમાર ગુજરાલ
"
3911,"સુનીલ દત્ત
"
3912,"શરદ બાબૂ
"
3913,"અર્જુન સિંઘ
"
3914,"રાજેન્દ્ર ગઢવી
"
3915,"ફિરોઝ નડિયાદવાલા
"
3916,"સંજય ગઢવી
"
3917,"યેસુદાસ
"
3918,"જૅકી શ્રૉફ
"
3919,"રસિકલાલ પરીખ
"
3920,"આરુશી અગ્રવાલ
"
3921,"જૉર્જ બુશ
"
3922,"મનુભાઈ પંચોલી
"
3923,"ડેવિડ બૂન
"
3924,"મુકેશ રાવલ
"
3925,"સંજય ગઢવી
"
3926,"ઝુબેદા
"
3927,"મલ્લિકા સારાભાઈ
"
3928,"આનંદજી વીરજી
"
3929,"અમર ગુપ્તા
"
3930,"રમીઝ રાજા
"
3931,"સૈફ અલી ખાન
"
3932,"મુકેશ રાવલ
"
3933,"મલ્લિકા સારાભાઈ
"
3934,"પ્રસૂન દેસાઈ
"
3935,"જૉની લીવર
"
3936,"હસમુખભાઈ પારેખ
"
3937,"એલિઝાબેથ
"
3938,"આયેશા તાકિયા
"
3939,"પાયલ રહતોગિ
"
3940,"સલીલ અંકોલા
"
3941,"અમિતાભ બચ્ચન
"
3942,"દેવાંગ પટેલ
"
3943,"રઘુવીર ચૌધરી
"
3944,"માર્ગરેટ થેચર
"
3945,"શીતલ શેઠ
"
3946,"યશવંત પંડ્યા
"
3947,"કમલ હસન
"
3948,"લાલ બહાદુર શાસ્ત્રી
"
3949,"દીપિકા ચિખલિયા
"
3950,"એલન ડોનાલ્ડ
"
3951,"કોચરીલ રેહમાન નારાયણ
"
3952,"અતુલ ડોડિયા
"
3953,"નુપૂર જોશી
"
3954,"કરિશ્મા કપૂર
"
3955,"સોનુ નિગમ
"
3956,"જૉર્જ બુશ
"
3957,"સુનીધિ ચૌહાન
"
3958,"સામ પિત્રોડા
"
3959,"અટલ બિહારી વાજપેયી
"
3960,"ચંકી પાન્ડે
"
3961,"હોમી વાડિયા
"
3962,"રૉબિન સિંઘ
"
3963,"અજીત આગરકર
"
3964,"સુનીતા વિલિયમ્સ
"
3965,"સાહિબઝાદા ફારુખ અલી
"
3966,"સક્લેન મુશ્તાક
"
3967,"સઈદ અનવર
"
3968,"અશોક કુમાર મલ્હોત્રા
"
3969,"અજય દેવગન
"
3970,"સુનીલ દત્ત
"
3971,"ઝુબેદા
"
3972,"મનોહર જોશી
"
3973,"સની દેઓલ
"
3974,"નીલમ સંજીવ રેડ્ડી
"
3975,"બાલિ બ્રહ્મભટ્ટ
"
3976,"રમણભાઈ પટેલ
"
3977,"ગૌતમ અડાણી
"
3978,"કોટા શ્રીનિવાસ રાવ કોઉન્ડમણી
"
3979,"લીઓનાર્ડો ડી કેપ્રિયો
"
3980,"કાદર ખાન
"
3981,"અંશુમન ગાયક્વાડ
"
3982,"નરસિંહ મહેતા
"
3983,"સોનિયા ગાંધી
"
3984,"મંસૂર અખ્તર
"
3985,"શાહરુખ ખાન
"
3986,"રમણલાલ મહેતા
"
3987,"કોંકણા સેન-શર્મા
"
3988,"મોરારજી દેસાઈ
"
3989,"કરીશ્મા મોદી
"
3990,"ઝુબેદા
"
3991,"સુભાષચંદ્ર બોસ
"
3992,"લીઓનાર્ડો ડી કેપ્રિયો
"
3993,"સૈફ અલી ખાન
"
3994,"અબે કુરુવિલા
"
3995,"એન્ડી ફ્લાવર
"
3996,"કે. કરૂણાનિધિ
"
3997,"ચક્રવર્તી રાજગોપાલાચારી
"
3998,"આશ્કા ગોરડિયા
"
3999,"સિંપલ કાપડિયા
"
4000,"ખાલિદ મસૂદ
"
4001,"પૂનમ જોશી
"
4002,"ઉમાશંકર જોશી
"
4003,"અમરીશ પુરી
"
4004,"ગ્યાની ઝૈલ સિંઘ
"
4005,"સની દેઓલ
"
4006,"પ્રસૂન જોશી
"
4007,"દિવાળીબેન ભીલ
"
4008,"મૌલી દવે
"
4009,"સાયલી ભગત
"
4010,"અમર ગુપ્તા
"
4011,"સુનીધિ ચૌહાન
"
4012,"ચુનીલાલ મડિયા
"
4013,"કાલુવિથર્ના
"
4014,"ચૌધરી સુજાત હુસૈન
"
4015,"યશ્વિ પટેલ
"
4016,"મનિન્દર સિંઘ
"
4017,"મેઘનાદ દેસાઈ
"
4018,"મોહસિન ખાન
"
4019,"દલપતરામ
"
4020,"અઝિમ પ્રેમજી
"
4021,"સુનીલ ગાવસ્કર
"
4022,"સ્વરૂપ સંપત
"
4023,"રમેશ રાઘવ
"
4024,"રુચા ગુજરાતી
"
4025,"સત્યજીત રે
"
4026,"ગણેશ વાસુદેવ માવલંકર
"
4027,"તનાઝ કરિમ
"
4028,"માર્ગરેટ થેચર
"
4029,"સંધ્યા રાની મૃદુલ
"
4030,"ચન્દ્રશેખર
"
4031,"વિનૂ માંકડ
"
4032,"કનૈયાલાલ મુન્શી
"
4033,"ધનસુખલાલ મહેતા
"
4034,"શેખર કપૂર
"
4035,"ઋશિ કપૂર
"
4036,"બોમન ઇરાની
"
4037,"આશા પારેખ
"
4038,"જૉર્જ બુશ
"
4039,"ચંદ્રકાંત બક્ષી
"
4040,"ધર્મેશ વ્યાસ
"
4041,"રોનાલ્ડ રેગન
"
4042,"ટોની ગ્રેગ
"
4043,"સુર્જીત સિંઘ બરનાલા
"
4044,"સિદ્ધાર્થ રાંદેરિયા
"
4045,"દલપતરામ
"
4046,"હસમુખ બારાડી
"
4047,"રમેશ રાઘવ
"
4048,"પરમસુખ નાયક
"
4049,"સ્વરૂપ સંપત
"
4050,"અમર ઉપાધ્યાય
"
4051,"પુરુશોત્તમ દાસ ટંડન
"
4052,"ગુરદાસ માન
"
4053,"નલિનિકાંત નવીન
"
4054,"કરણ પટેલ
"
4055,"રાહુલ ગાંધી
"
4056,"માર્ક બાઉચર
"
4057,"શમ્મી કપૂર
"
4058,"ચુનીલાલ મડિયા
"
4059,"કમલ હસન
"
4060,"અમર ઉપાધ્યાય
"
4061,"મહાદેવ દેસાઈ
"
4062,"ધર્મેન્દ્ર
"
4063,"રિચર્ડ હેડલી
"
4064,"ગુલ્શન ગ્રોવર
"
4065,"સાનિયા મિર્ઝા
"
4066,"નીલમ કોઠારી
"
4067,"રમેશ રાઘવ
"
4068,"ઈશા શરવાની
"
4069,"આમિર સોહેલ ખાન
"
4070,"જીતેન્દ્ર જટાશંકર રાવલ
"
4071,"રાજીવ ગાંધી
"
4072,"ચિનુ મોદી
"
4073,"દાનિશ કનેરિયા
"
4074,"અપરા મહેતા
"
4075,"સંજય ગઢવી
"
4076,"વિશ્વનાથ પ્રતાપ સિંઘ
"
4077,"હિમેશ રેશમિયા
"
4078,"ગુરદાસ માન
"
